{
  "id": 100020352,
  "pay_stamina_single": 10,
  "campaign_stamina_single": 5,
  "pay_stamina_multi": 2,
  "campaign_stamina_multi": 1,
  "continues": 3,
  "revives": 1,
  "name": "The Fiendchiefs",
  "type": "Campaign",
  "area_info": [
    {
      "scene_path": "Main/02/MAIN_02_9902_01",
      "area_name": "MAIN_02_9902_01"
    },
    {
      "scene_path": "Main/02/MAIN_02_9902_02",
      "area_name": "MAIN_02_9902_02"
    }
  ],
  "odds_info": {
    "area_index": 0,
    "reaction_obj_count": 0,
    "drop_obj": [
      {
        "drop_list": [
          {
            "type": 13,
            "id": 1001,
            "quantity": 1,
            "place": 0
          }
        ],
        "obj_id": 2,
        "obj_type": 2,
        "is_rare": 0
      },
      {
        "drop_list": [],
        "obj_id": 3,
        "obj_type": 2,
        "is_rare": 0
      },
      {
        "drop_list": [
          {
            "type": 13,
            "id": 1001,
            "quantity": 1,
            "place": 0
          }
        ],
        "obj_id": 4,
        "obj_type": 2,
        "is_rare": 0
      },
      {
        "drop_list": [
          {
            "type": 4,
            "id": 0,
            "quantity": 5,
            "place": 0
          }
        ],
        "obj_id": 5,
        "obj_type": 2,
        "is_rare": 0
      }
    ],
    "enemy": [
      {
        "param_id": 100020312,
        "is_pop": 1,
        "is_rare": 0,
        "piece": 0,
        "enemy_drop_list": [
          {
            "drop_list": [
              {
                "type": 8,
                "id": 104001021,
                "quantity": 5,
                "place": 0
              },
              {
                "type": 8,
                "id": 202002001,
                "quantity": 2,
                "place": 0
              },
              {
                "type": 8,
                "id": 202002002,
                "quantity": 1,
                "place": 0
              }
            ],
            "coin": 5,
            "mana": 2
          }
        ],
        "enemy_idx": 0
      },
      {
        "param_id": 100020301,
        "is_pop": 1,
        "is_rare": 0,
        "piece": 0,
        "enemy_drop_list": [
          {
            "drop_list": [],
            "coin": 3,
            "mana": 2
          }
        ],
        "enemy_idx": 1
      },
      {
        "param_id": 100020301,
        "is_pop": 1,
        "is_rare": 0,
        "piece": 0,
        "enemy_drop_list": [
          {
            "drop_list": [],
            "coin": 3,
            "mana": 2
          }
        ],
        "enemy_idx": 2
      },
      {
        "param_id": 100020304,
        "is_pop": 1,
        "is_rare": 0,
        "piece": 0,
        "enemy_drop_list": [
          {
            "drop_list": [],
            "coin": 4,
            "mana": 2
          }
        ],
        "enemy_idx": 3
      },
      {
        "param_id": 100020307,
        "is_pop": 1,
        "is_rare": 0,
        "piece": 0,
        "enemy_drop_list": [
          {
            "drop_list": [
              {
                "type": 8,
                "id": 101001001,
                "quantity": 5,
                "place": 0
              },
              {
                "type": 8,
                "id": 104001022,
                "quantity": 1,
                "place": 0
              },
              {
                "type": 8,
                "id": 103001001,
                "quantity": 1,
                "place": 0
              },
              {
                "type": 8,
                "id": 202002001,
                "quantity": 1,
                "place": 0
              },
              {
                "type": 8,
                "id": 202002002,
                "quantity": 2,
                "place": 0
              }
            ],
            "coin": 5,
            "mana": 3
          }
        ],
        "enemy_idx": 4
      },
      {
        "param_id": 100020301,
        "is_pop": 1,
        "is_rare": 0,
        "piece": 0,
        "enemy_drop_list": [
          {
            "drop_list": [],
            "coin": 4,
            "mana": 2
          }
        ],
        "enemy_idx": 5
      },
      {
        "param_id": 100020301,
        "is_pop": 1,
        "is_rare": 0,
        "piece": 0,
        "enemy_drop_list": [
          {
            "drop_list": [],
            "coin": 4,
            "mana": 2
          }
        ],
        "enemy_idx": 6
      },
      {
        "param_id": 100020301,
        "is_pop": 1,
        "is_rare": 0,
        "piece": 0,
        "enemy_drop_list": [
          {
            "drop_list": [],
            "coin": 3,
            "mana": 2
          }
        ],
        "enemy_idx": 7
      },
      {
        "param_id": 100020301,
        "is_pop": 1,
        "is_rare": 0,
        "piece": 0,
        "enemy_drop_list": [
          {
            "drop_list": [],
            "coin": 3,
            "mana": 3
          }
        ],
        "enemy_idx": 8
      },
      {
        "param_id": 100020301,
        "is_pop": 1,
        "is_rare": 0,
        "piece": 0,
        "enemy_drop_list": [
          {
            "drop_list": [],
            "coin": 5,
            "mana": 3
          }
        ],
        "enemy_idx": 9
      },
      {
        "param_id": 100020301,
        "is_pop": 1,
        "is_rare": 0,
        "piece": 0,
        "enemy_drop_list": [
          {
            "drop_list": [],
            "coin": 5,
            "mana": 2
          }
        ],
        "enemy_idx": 10
      },
      {
        "param_id": 100020302,
        "is_pop": 1,
        "is_rare": 0,
        "piece": 0,
        "enemy_drop_list": [
          {
            "drop_list": [],
            "coin": 5,
            "mana": 2
          }
        ],
        "enemy_idx": 11
      },
      {
        "param_id": 100020302,
        "is_pop": 1,
        "is_rare": 0,
        "piece": 0,
        "enemy_drop_list": [
          {
            "drop_list": [],
            "coin": 4,
            "mana": 2
          }
        ],
        "enemy_idx": 12
      }
    ],
    "grade": []
  },
  "ChestDropInfo": [
    {
      "type": 13,
      "id": 1001,
      "min": 1,
      "max": 2,
      "promise": true,
      "special": false
    },
    {
      "type": 4,
      "id": 0,
      "min": 5,
      "max": 5,
      "promise": true,
      "special": false
    }
  ],
  "EnemyDropInfo": [
    {
      "type": 8,
      "id": 104001021,
      "min": 5,
      "max": 5,
      "promise": false,
      "special": false
    },
    {
      "type": 8,
      "id": 202002001,
      "min": 2,
      "max": 2,
      "promise": false,
      "special": false
    },
    {
      "type": 8,
      "id": 202002002,
      "min": 1,
      "max": 1,
      "promise": false,
      "special": false
    },
    {
      "type": 4,
      "id": 0,
      "min": 5,
      "max": 5,
      "promise": true,
      "special": false
    },
    {
      "type": 18,
      "id": 0,
      "min": 2,
      "max": 2,
      "promise": true,
      "special": false
    }
  ]
}