{
  "id": 100010208,
  "pay_stamina_single": 8,
  "campaign_stamina_single": 4,
  "pay_stamina_multi": 2,
  "campaign_stamina_multi": 1,
  "continues": 3,
  "revives": 2,
  "name": "Den of Slimes",
  "type": "Campaign",
  "area_info": [
    {
      "scene_path": "Main/01/MAIN_01_8807_01",
      "area_name": "MAIN_01_8807_01"
    },
    {
      "scene_path": "Boss/BG012_5001_00/BG012_5001_00_00",
      "area_name": "MAIN_01_8807_02"
    }
  ],
  "odds_info": {
    "area_index": 0,
    "reaction_obj_count": 2,
    "drop_obj": [
      {
        "drop_list": [
          {
            "type": 13,
            "id": 1001,
            "quantity": 1,
            "place": 0
          }
        ],
        "obj_id": 4,
        "obj_type": 2,
        "is_rare": 0
      },
      {
        "drop_list": [
          {
            "type": 13,
            "id": 1001,
            "quantity": 1,
            "place": 0
          }
        ],
        "obj_id": 5,
        "obj_type": 2,
        "is_rare": 0
      },
      {
        "drop_list": [],
        "obj_id": 6,
        "obj_type": 2,
        "is_rare": 0
      },
      {
        "drop_list": [
          {
            "type": 13,
            "id": 1001,
            "quantity": 1,
            "place": 0
          }
        ],
        "obj_id": 7,
        "obj_type": 2,
        "is_rare": 0
      },
      {
        "drop_list": [
          {
            "type": 13,
            "id": 1001,
            "quantity": 1,
            "place": 0
          }
        ],
        "obj_id": 8,
        "obj_type": 2,
        "is_rare": 0
      },
      {
        "drop_list": [
          {
            "type": 13,
            "id": 1001,
            "quantity": 1,
            "place": 0
          }
        ],
        "obj_id": 9,
        "obj_type": 2,
        "is_rare": 0
      },
      {
        "drop_list": [
          {
            "type": 8,
            "id": 104001031,
            "quantity": 3,
            "place": 0
          },
          {
            "type": 39,
            "id": 40020005,
            "quantity": 1,
            "place": 0
          }
        ],
        "obj_id": 2,
        "obj_type": 1,
        "is_rare": 0
      },
      {
        "drop_list": [
          {
            "type": 8,
            "id": 101001001,
            "quantity": 3,
            "place": 0
          }
        ],
        "obj_id": 3,
        "obj_type": 1,
        "is_rare": 0
      }
    ],
    "enemy": [
      {
        "param_id": 100010201,
        "is_pop": 1,
        "is_rare": 0,
        "piece": 0,
        "enemy_drop_list": [
          {
            "drop_list": [],
            "coin": 4,
            "mana": 3
          }
        ],
        "enemy_idx": 0
      },
      {
        "param_id": 100010201,
        "is_pop": 1,
        "is_rare": 0,
        "piece": 0,
        "enemy_drop_list": [
          {
            "drop_list": [],
            "coin": 4,
            "mana": 1
          }
        ],
        "enemy_idx": 1
      },
      {
        "param_id": 100010201,
        "is_pop": 1,
        "is_rare": 0,
        "piece": 0,
        "enemy_drop_list": [
          {
            "drop_list": [],
            "coin": 3,
            "mana": 3
          }
        ],
        "enemy_idx": 2
      },
      {
        "param_id": 100010201,
        "is_pop": 1,
        "is_rare": 0,
        "piece": 0,
        "enemy_drop_list": [
          {
            "drop_list": [],
            "coin": 4,
            "mana": 2
          }
        ],
        "enemy_idx": 3
      },
      {
        "param_id": 100010201,
        "is_pop": 1,
        "is_rare": 0,
        "piece": 0,
        "enemy_drop_list": [
          {
            "drop_list": [],
            "coin": 3,
            "mana": 1
          }
        ],
        "enemy_idx": 4
      },
      {
        "param_id": 100010201,
        "is_pop": 1,
        "is_rare": 0,
        "piece": 0,
        "enemy_drop_list": [
          {
            "drop_list": [],
            "coin": 3,
            "mana": 2
          }
        ],
        "enemy_idx": 5
      },
      {
        "param_id": 100010201,
        "is_pop": 1,
        "is_rare": 0,
        "piece": 0,
        "enemy_drop_list": [
          {
            "drop_list": [],
            "coin": 4,
            "mana": 1
          }
        ],
        "enemy_idx": 6
      },
      {
        "param_id": 100010201,
        "is_pop": 1,
        "is_rare": 0,
        "piece": 0,
        "enemy_drop_list": [
          {
            "drop_list": [],
            "coin": 3,
            "mana": 2
          }
        ],
        "enemy_idx": 7
      },
      {
        "param_id": 100010201,
        "is_pop": 1,
        "is_rare": 0,
        "piece": 0,
        "enemy_drop_list": [
          {
            "drop_list": [],
            "coin": 4,
            "mana": 3
          }
        ],
        "enemy_idx": 8
      },
      {
        "param_id": 100010201,
        "is_pop": 1,
        "is_rare": 0,
        "piece": 0,
        "enemy_drop_list": [
          {
            "drop_list": [],
            "coin": 3,
            "mana": 2
          }
        ],
        "enemy_idx": 9
      },
      {
        "param_id": 100010201,
        "is_pop": 1,
        "is_rare": 0,
        "piece": 0,
        "enemy_drop_list": [
          {
            "drop_list": [],
            "coin": 4,
            "mana": 2
          }
        ],
        "enemy_idx": 10
      },
      {
        "param_id": 100010201,
        "is_pop": 1,
        "is_rare": 0,
        "piece": 0,
        "enemy_drop_list": [
          {
            "drop_list": [],
            "coin": 3,
            "mana": 1
          }
        ],
        "enemy_idx": 11
      },
      {
        "param_id": 100010201,
        "is_pop": 1,
        "is_rare": 0,
        "piece": 0,
        "enemy_drop_list": [
          {
            "drop_list": [],
            "coin": 3,
            "mana": 1
          }
        ],
        "enemy_idx": 12
      },
      {
        "param_id": 100010201,
        "is_pop": 1,
        "is_rare": 0,
        "piece": 0,
        "enemy_drop_list": [
          {
            "drop_list": [],
            "coin": 4,
            "mana": 1
          }
        ],
        "enemy_idx": 13
      },
      {
        "param_id": 100010201,
        "is_pop": 1,
        "is_rare": 0,
        "piece": 0,
        "enemy_drop_list": [
          {
            "drop_list": [],
            "coin": 4,
            "mana": 3
          }
        ],
        "enemy_idx": 14
      },
      {
        "param_id": 100010203,
        "is_pop": 1,
        "is_rare": 0,
        "piece": 0,
        "enemy_drop_list": [
          {
            "drop_list": [],
            "coin": 4,
            "mana": 3
          }
        ],
        "enemy_idx": 15
      },
      {
        "param_id": 100010213,
        "is_pop": 1,
        "is_rare": 0,
        "piece": 0,
        "enemy_drop_list": [
          {
            "drop_list": [],
            "coin": 3,
            "mana": 3
          }
        ],
        "enemy_idx": 16
      },
      {
        "param_id": 100010201,
        "is_pop": 1,
        "is_rare": 0,
        "piece": 0,
        "enemy_drop_list": [
          {
            "drop_list": [],
            "coin": 3,
            "mana": 3
          }
        ],
        "enemy_idx": 17
      },
      {
        "param_id": 100010201,
        "is_pop": 1,
        "is_rare": 0,
        "piece": 0,
        "enemy_drop_list": [
          {
            "drop_list": [],
            "coin": 4,
            "mana": 3
          }
        ],
        "enemy_idx": 18
      },
      {
        "param_id": 100010201,
        "is_pop": 1,
        "is_rare": 0,
        "piece": 0,
        "enemy_drop_list": [
          {
            "drop_list": [],
            "coin": 3,
            "mana": 1
          }
        ],
        "enemy_idx": 19
      },
      {
        "param_id": 100010201,
        "is_pop": 1,
        "is_rare": 0,
        "piece": 0,
        "enemy_drop_list": [
          {
            "drop_list": [],
            "coin": 4,
            "mana": 2
          }
        ],
        "enemy_idx": 20
      },
      {
        "param_id": 100010201,
        "is_pop": 1,
        "is_rare": 0,
        "piece": 0,
        "enemy_drop_list": [
          {
            "drop_list": [],
            "coin": 3,
            "mana": 3
          }
        ],
        "enemy_idx": 21
      },
      {
        "param_id": 100010201,
        "is_pop": 1,
        "is_rare": 0,
        "piece": 0,
        "enemy_drop_list": [
          {
            "drop_list": [],
            "coin": 3,
            "mana": 3
          }
        ],
        "enemy_idx": 22
      },
      {
        "param_id": 100010201,
        "is_pop": 1,
        "is_rare": 0,
        "piece": 0,
        "enemy_drop_list": [
          {
            "drop_list": [],
            "coin": 3,
            "mana": 3
          }
        ],
        "enemy_idx": 23
      },
      {
        "param_id": 100010201,
        "is_pop": 1,
        "is_rare": 0,
        "piece": 0,
        "enemy_drop_list": [
          {
            "drop_list": [],
            "coin": 3,
            "mana": 2
          }
        ],
        "enemy_idx": 24
      },
      {
        "param_id": 100010201,
        "is_pop": 1,
        "is_rare": 0,
        "piece": 0,
        "enemy_drop_list": [
          {
            "drop_list": [],
            "coin": 4,
            "mana": 3
          }
        ],
        "enemy_idx": 25
      },
      {
        "param_id": 100010201,
        "is_pop": 1,
        "is_rare": 0,
        "piece": 0,
        "enemy_drop_list": [
          {
            "drop_list": [],
            "coin": 4,
            "mana": 2
          }
        ],
        "enemy_idx": 26
      },
      {
        "param_id": 100010201,
        "is_pop": 1,
        "is_rare": 0,
        "piece": 0,
        "enemy_drop_list": [
          {
            "drop_list": [],
            "coin": 4,
            "mana": 2
          }
        ],
        "enemy_idx": 27
      },
      {
        "param_id": 100010201,
        "is_pop": 1,
        "is_rare": 0,
        "piece": 0,
        "enemy_drop_list": [
          {
            "drop_list": [],
            "coin": 3,
            "mana": 2
          }
        ],
        "enemy_idx": 28
      },
      {
        "param_id": 100010201,
        "is_pop": 1,
        "is_rare": 0,
        "piece": 0,
        "enemy_drop_list": [
          {
            "drop_list": [],
            "coin": 4,
            "mana": 1
          }
        ],
        "enemy_idx": 29
      },
      {
        "param_id": 100010201,
        "is_pop": 1,
        "is_rare": 0,
        "piece": 0,
        "enemy_drop_list": [
          {
            "drop_list": [],
            "coin": 3,
            "mana": 1
          }
        ],
        "enemy_idx": 30
      },
      {
        "param_id": 100010201,
        "is_pop": 1,
        "is_rare": 0,
        "piece": 0,
        "enemy_drop_list": [
          {
            "drop_list": [],
            "coin": 4,
            "mana": 2
          }
        ],
        "enemy_idx": 31
      },
      {
        "param_id": 100010201,
        "is_pop": 1,
        "is_rare": 0,
        "piece": 0,
        "enemy_drop_list": [
          {
            "drop_list": [],
            "coin": 4,
            "mana": 1
          }
        ],
        "enemy_idx": 32
      },
      {
        "param_id": 100010201,
        "is_pop": 1,
        "is_rare": 0,
        "piece": 0,
        "enemy_drop_list": [
          {
            "drop_list": [],
            "coin": 3,
            "mana": 2
          }
        ],
        "enemy_idx": 33
      },
      {
        "param_id": 100010201,
        "is_pop": 1,
        "is_rare": 0,
        "piece": 0,
        "enemy_drop_list": [
          {
            "drop_list": [],
            "coin": 3,
            "mana": 1
          }
        ],
        "enemy_idx": 34
      },
      {
        "param_id": 100010201,
        "is_pop": 1,
        "is_rare": 0,
        "piece": 0,
        "enemy_drop_list": [
          {
            "drop_list": [],
            "coin": 3,
            "mana": 2
          }
        ],
        "enemy_idx": 35
      }
    ],
    "grade": []
  },
  "ChestDropInfo": [
    {
      "type": 13,
      "id": 1001,
      "min": 1,
      "max": 5,
      "promise": true,
      "special": false
    },
    {
      "type": 8,
      "id": 104001031,
      "min": 3,
      "max": 3,
      "promise": true,
      "special": false
    },
    {
      "type": 8,
      "id": 101001001,
      "min": 3,
      "max": 3,
      "promise": true,
      "special": false
    }
  ],
  "EnemyDropInfo": [
    {
      "type": 4,
      "id": 0,
      "min": 4,
      "max": 4,
      "promise": true,
      "special": false
    },
    {
      "type": 18,
      "id": 0,
      "min": 3,
      "max": 3,
      "promise": true,
      "special": false
    }
  ]
}