{
  "id": 100070107,
  "pay_stamina_single": 5,
  "campaign_stamina_single": 2,
  "pay_stamina_multi": 1,
  "campaign_stamina_multi": 1,
  "continues": 3,
  "revives": 3,
  "name": "King of the Old Marsh",
  "type": "Campaign",
  "area_info": [
    {
      "scene_path": "Boss/BG006_5001_00/BG006_5001_00_02",
      "area_name": "MAIN_07_7701_02"
    }
  ],
  "odds_info": {
    "area_index": 0,
    "reaction_obj_count": 0,
    "drop_obj": [],
    "enemy": [
      {
        "param_id": 100070105,
        "is_pop": 1,
        "is_rare": 0,
        "piece": 0,
        "enemy_drop_list": [
          {
            "drop_list": [],
            "coin": 2,
            "mana": 1
          }
        ],
        "enemy_idx": 0
      },
      {
        "param_id": 100070101,
        "is_pop": 1,
        "is_rare": 0,
        "piece": 0,
        "enemy_drop_list": [
          {
            "drop_list": [],
            "coin": 3,
            "mana": 2
          }
        ],
        "enemy_idx": 1
      },
      {
        "param_id": 100070101,
        "is_pop": 1,
        "is_rare": 0,
        "piece": 0,
        "enemy_drop_list": [
          {
            "drop_list": [],
            "coin": 3,
            "mana": 1
          }
        ],
        "enemy_idx": 2
      },
      {
        "param_id": 100070103,
        "is_pop": 1,
        "is_rare": 0,
        "piece": 0,
        "enemy_drop_list": [
          {
            "drop_list": [],
            "coin": 3,
            "mana": 1
          }
        ],
        "enemy_idx": 3
      },
      {
        "param_id": 100070103,
        "is_pop": 1,
        "is_rare": 0,
        "piece": 0,
        "enemy_drop_list": [
          {
            "drop_list": [],
            "coin": 2,
            "mana": 1
          }
        ],
        "enemy_idx": 4
      },
      {
        "param_id": 100070101,
        "is_pop": 1,
        "is_rare": 0,
        "piece": 0,
        "enemy_drop_list": [
          {
            "drop_list": [],
            "coin": 3,
            "mana": 2
          }
        ],
        "enemy_idx": 5
      },
      {
        "param_id": 100070101,
        "is_pop": 1,
        "is_rare": 0,
        "piece": 0,
        "enemy_drop_list": [
          {
            "drop_list": [],
            "coin": 2,
            "mana": 1
          }
        ],
        "enemy_idx": 6
      },
      {
        "param_id": 100070102,
        "is_pop": 1,
        "is_rare": 0,
        "piece": 0,
        "enemy_drop_list": [
          {
            "drop_list": [],
            "coin": 2,
            "mana": 1
          }
        ],
        "enemy_idx": 7
      },
      {
        "param_id": 100070102,
        "is_pop": 1,
        "is_rare": 0,
        "piece": 0,
        "enemy_drop_list": [
          {
            "drop_list": [],
            "coin": 2,
            "mana": 1
          }
        ],
        "enemy_idx": 8
      },
      {
        "param_id": 100070101,
        "is_pop": 1,
        "is_rare": 0,
        "piece": 0,
        "enemy_drop_list": [
          {
            "drop_list": [],
            "coin": 3,
            "mana": 2
          }
        ],
        "enemy_idx": 9
      },
      {
        "param_id": 100070101,
        "is_pop": 1,
        "is_rare": 0,
        "piece": 0,
        "enemy_drop_list": [
          {
            "drop_list": [],
            "coin": 2,
            "mana": 2
          }
        ],
        "enemy_idx": 10
      },
      {
        "param_id": 100070101,
        "is_pop": 1,
        "is_rare": 0,
        "piece": 0,
        "enemy_drop_list": [
          {
            "drop_list": [],
            "coin": 2,
            "mana": 2
          }
        ],
        "enemy_idx": 11
      },
      {
        "param_id": 100070101,
        "is_pop": 1,
        "is_rare": 0,
        "piece": 0,
        "enemy_drop_list": [
          {
            "drop_list": [],
            "coin": 3,
            "mana": 1
          }
        ],
        "enemy_idx": 12
      },
      {
        "param_id": 100070132,
        "is_pop": 1,
        "is_rare": 0,
        "piece": 0,
        "enemy_drop_list": [
          {
            "drop_list": [
              {
                "type": 4,
                "id": 0,
                "quantity": 100,
                "place": 0
              },
              {
                "type": 8,
                "id": 104001021,
                "quantity": 3,
                "place": 0
              },
              {
                "type": 8,
                "id": 202001001,
                "quantity": 1,
                "place": 0
              },
              {
                "type": 8,
                "id": 202001002,
                "quantity": 1,
                "place": 0
              }
            ],
            "coin": 2,
            "mana": 2
          }
        ],
        "enemy_idx": 13
      }
    ],
    "grade": []
  },
  "ChestDropInfo": [],
  "EnemyDropInfo": [
    {
      "type": 4,
      "id": 0,
      "min": 2,
      "max": 2,
      "promise": true,
      "special": false
    },
    {
      "type": 18,
      "id": 0,
      "min": 1,
      "max": 1,
      "promise": true,
      "special": false
    }
  ]
}