{
  "id": 100010106,
  "pay_stamina_single": 2,
  "campaign_stamina_single": 1,
  "pay_stamina_multi": 1,
  "campaign_stamina_multi": 1,
  "continues": 3,
  "revives": 3,
  "name": "Clash Beneath the Canopy",
  "type": "Campaign",
  "area_info": [
    {
      "scene_path": "Main/01/MAIN_01_0106_02",
      "area_name": "MAIN_01_0106_02"
    }
  ],
  "odds_info": {
    "area_index": 0,
    "reaction_obj_count": 0,
    "drop_obj": [],
    "enemy": [
      {
        "param_id": 100010105,
        "is_pop": 1,
        "is_rare": 0,
        "piece": 0,
        "enemy_drop_list": [
          {
            "drop_list": [
              {
                "type": 8,
                "id": 101001001,
                "quantity": 1,
                "place": 0
              },
              {
                "type": 8,
                "id": 101001001,
                "quantity": 1,
                "place": 0
              },
              {
                "type": 8,
                "id": 202001001,
                "quantity": 1,
                "place": 0
              }
            ],
            "coin": 2,
            "mana": 1
          }
        ],
        "enemy_idx": 0
      },
      {
        "param_id": 100010101,
        "is_pop": 1,
        "is_rare": 0,
        "piece": 0,
        "enemy_drop_list": [
          {
            "drop_list": [],
            "coin": 1,
            "mana": 1
          }
        ],
        "enemy_idx": 1
      },
      {
        "param_id": 100010101,
        "is_pop": 1,
        "is_rare": 0,
        "piece": 0,
        "enemy_drop_list": [
          {
            "drop_list": [],
            "coin": 1,
            "mana": 0
          }
        ],
        "enemy_idx": 2
      },
      {
        "param_id": 100010102,
        "is_pop": 1,
        "is_rare": 0,
        "piece": 0,
        "enemy_drop_list": [
          {
            "drop_list": [],
            "coin": 0,
            "mana": 1
          }
        ],
        "enemy_idx": 3
      },
      {
        "param_id": 100010102,
        "is_pop": 1,
        "is_rare": 0,
        "piece": 0,
        "enemy_drop_list": [
          {
            "drop_list": [],
            "coin": 1,
            "mana": 0
          }
        ],
        "enemy_idx": 4
      },
      {
        "param_id": 100010102,
        "is_pop": 1,
        "is_rare": 0,
        "piece": 0,
        "enemy_drop_list": [
          {
            "drop_list": [],
            "coin": 0,
            "mana": 0
          }
        ],
        "enemy_idx": 5
      },
      {
        "param_id": 100010102,
        "is_pop": 1,
        "is_rare": 0,
        "piece": 0,
        "enemy_drop_list": [
          {
            "drop_list": [],
            "coin": 1,
            "mana": 1
          }
        ],
        "enemy_idx": 6
      }
    ],
    "grade": []
  },
  "ChestDropInfo": [],
  "EnemyDropInfo": [
    {
      "type": 8,
      "id": 101001001,
      "min": 1,
      "max": 2,
      "promise": false,
      "special": false
    },
    {
      "type": 8,
      "id": 202001001,
      "min": 1,
      "max": 1,
      "promise": false,
      "special": false
    },
    {
      "type": 4,
      "id": 0,
      "min": 2,
      "max": 2,
      "promise": true,
      "special": false
    },
    {
      "type": 18,
      "id": 0,
      "min": 1,
      "max": 1,
      "promise": true,
      "special": false
    }
  ]
}