{
  "id": 100030106,
  "variation": 1,
  "pay_stamina_single": 4,
  "campaign_stamina_single": 2,
  "pay_stamina_multi": 1,
  "campaign_stamina_multi": 1,
  "continues": 3,
  "revives": 3,
  "name": "Grave of the Giant Wyrm",
  "type": 1,
  "area_info": [
    {
      "scene_path": "Boss/BG002_5001_00/BG002_5001_00_00",
      "area_name": "MAIN_03_0103_03"
    }
  ],
  "odds_info": {
    "area_index": 0,
    "reaction_obj_count": 0,
    "drop_obj": [],
    "enemy": [],
    "grade": []
  },
  "ChestDropInfo": [],
  "EnemyDropInfo": [
    {
      "type": 4,
      "id": 0,
      "min": 1,
      "max": 1,
      "promise": true,
      "special": false
    },
    {
      "type": 18,
      "id": 0,
      "min": 1,
      "max": 1,
      "promise": true,
      "special": false
    }
  ]
}