{
  "id": 100020101,
  "pay_stamina_single": 3,
  "campaign_stamina_single": 1,
  "pay_stamina_multi": 1,
  "campaign_stamina_multi": 1,
  "continues": 3,
  "revives": 3,
  "name": "A Hasty Retreat",
  "type": "Campaign",
  "area_info": [
    {
      "scene_path": "Boss/BG006_5001_00/BG006_5001_00_00",
      "area_name": "MAIN_02_0101_02"
    }
  ],
  "odds_info": {
    "area_index": 0,
    "reaction_obj_count": 0,
    "drop_obj": [],
    "enemy": [
      {
        "param_id": 100020111,
        "is_pop": 1,
        "is_rare": 0,
        "piece": 0,
        "enemy_drop_list": [
          {
            "drop_list": [
              {
                "type": 8,
                "id": 104001021,
                "quantity": 1,
                "place": 0
              },
              {
                "type": 4,
                "id": 0,
                "quantity": 50,
                "place": 0
              },
              {
                "type": 8,
                "id": 202002001,
                "quantity": 2,
                "place": 0
              },
              {
                "type": 8,
                "id": 202004001,
                "quantity": 1,
                "place": 0
              }
            ],
            "coin": 1,
            "mana": 2
          }
        ],
        "enemy_idx": 0
      },
      {
        "param_id": 100020101,
        "is_pop": 1,
        "is_rare": 0,
        "piece": 0,
        "enemy_drop_list": [
          {
            "drop_list": [],
            "coin": 2,
            "mana": 0
          }
        ],
        "enemy_idx": 1
      },
      {
        "param_id": 100020101,
        "is_pop": 1,
        "is_rare": 0,
        "piece": 0,
        "enemy_drop_list": [
          {
            "drop_list": [],
            "coin": 2,
            "mana": 1
          }
        ],
        "enemy_idx": 2
      }
    ],
    "grade": []
  },
  "ChestDropInfo": [],
  "EnemyDropInfo": [
    {
      "type": 8,
      "id": 104001021,
      "min": 1,
      "max": 1,
      "promise": false,
      "special": false
    },
    {
      "type": 4,
      "id": 0,
      "min": 50,
      "max": 51,
      "promise": false,
      "special": false
    },
    {
      "type": 8,
      "id": 202002001,
      "min": 2,
      "max": 2,
      "promise": false,
      "special": false
    },
    {
      "type": 8,
      "id": 202004001,
      "min": 1,
      "max": 1,
      "promise": false,
      "special": false
    },
    {
      "type": 18,
      "id": 0,
      "min": 2,
      "max": 2,
      "promise": true,
      "special": false
    }
  ]
}