{
  "id": 100050103,
  "pay_stamina_single": 5,
  "campaign_stamina_single": 2,
  "pay_stamina_multi": 1,
  "campaign_stamina_multi": 1,
  "continues": 3,
  "revives": 3,
  "name": "Defeat the Imperial Soldiers",
  "type": "Campaign",
  "area_info": [
    {
      "scene_path": "Main/05/MAIN_05_0102_02",
      "area_name": "MAIN_05_0102_02"
    }
  ],
  "odds_info": {
    "area_index": 0,
    "reaction_obj_count": 0,
    "drop_obj": [
      {
        "drop_list": [],
        "obj_id": 1,
        "obj_type": 2,
        "is_rare": 0
      },
      {
        "drop_list": [],
        "obj_id": 2,
        "obj_type": 2,
        "is_rare": 0
      }
    ],
    "enemy": [
      {
        "param_id": 100050114,
        "is_pop": 1,
        "is_rare": 0,
        "piece": 0,
        "enemy_drop_list": [
          {
            "drop_list": [
              {
                "type": 8,
                "id": 101001001,
                "quantity": 2,
                "place": 0
              },
              {
                "type": 4,
                "id": 0,
                "quantity": 80,
                "place": 0
              },
              {
                "type": 8,
                "id": 202002001,
                "quantity": 2,
                "place": 0
              }
            ],
            "coin": 3,
            "mana": 1
          }
        ],
        "enemy_idx": 0
      },
      {
        "param_id": 100050101,
        "is_pop": 1,
        "is_rare": 0,
        "piece": 0,
        "enemy_drop_list": [
          {
            "drop_list": [
              {
                "type": 8,
                "id": 101001001,
                "quantity": 1,
                "place": 0
              }
            ],
            "coin": 3,
            "mana": 0
          }
        ],
        "enemy_idx": 1
      },
      {
        "param_id": 100050101,
        "is_pop": 1,
        "is_rare": 0,
        "piece": 0,
        "enemy_drop_list": [
          {
            "drop_list": [],
            "coin": 3,
            "mana": 0
          }
        ],
        "enemy_idx": 2
      },
      {
        "param_id": 100050101,
        "is_pop": 1,
        "is_rare": 0,
        "piece": 0,
        "enemy_drop_list": [
          {
            "drop_list": [],
            "coin": 2,
            "mana": 0
          }
        ],
        "enemy_idx": 3
      },
      {
        "param_id": 100050101,
        "is_pop": 1,
        "is_rare": 0,
        "piece": 0,
        "enemy_drop_list": [
          {
            "drop_list": [],
            "coin": 2,
            "mana": 0
          }
        ],
        "enemy_idx": 4
      },
      {
        "param_id": 100050102,
        "is_pop": 1,
        "is_rare": 0,
        "piece": 0,
        "enemy_drop_list": [
          {
            "drop_list": [],
            "coin": 2,
            "mana": 1
          }
        ],
        "enemy_idx": 5
      },
      {
        "param_id": 100050102,
        "is_pop": 1,
        "is_rare": 0,
        "piece": 0,
        "enemy_drop_list": [
          {
            "drop_list": [],
            "coin": 1,
            "mana": 0
          }
        ],
        "enemy_idx": 6
      },
      {
        "param_id": 100050102,
        "is_pop": 1,
        "is_rare": 0,
        "piece": 0,
        "enemy_drop_list": [
          {
            "drop_list": [],
            "coin": 1,
            "mana": 0
          }
        ],
        "enemy_idx": 7
      },
      {
        "param_id": 100050102,
        "is_pop": 1,
        "is_rare": 0,
        "piece": 0,
        "enemy_drop_list": [
          {
            "drop_list": [],
            "coin": 2,
            "mana": 1
          }
        ],
        "enemy_idx": 8
      },
      {
        "param_id": 100050102,
        "is_pop": 1,
        "is_rare": 0,
        "piece": 0,
        "enemy_drop_list": [
          {
            "drop_list": [],
            "coin": 3,
            "mana": 0
          }
        ],
        "enemy_idx": 9
      },
      {
        "param_id": 100050102,
        "is_pop": 1,
        "is_rare": 0,
        "piece": 0,
        "enemy_drop_list": [
          {
            "drop_list": [],
            "coin": 2,
            "mana": 1
          }
        ],
        "enemy_idx": 10
      },
      {
        "param_id": 100050106,
        "is_pop": 1,
        "is_rare": 0,
        "piece": 0,
        "enemy_drop_list": [
          {
            "drop_list": [],
            "coin": 2,
            "mana": 1
          }
        ],
        "enemy_idx": 11
      },
      {
        "param_id": 100050106,
        "is_pop": 1,
        "is_rare": 0,
        "piece": 0,
        "enemy_drop_list": [
          {
            "drop_list": [],
            "coin": 2,
            "mana": 0
          }
        ],
        "enemy_idx": 12
      },
      {
        "param_id": 100050106,
        "is_pop": 1,
        "is_rare": 0,
        "piece": 0,
        "enemy_drop_list": [
          {
            "drop_list": [],
            "coin": 1,
            "mana": 0
          }
        ],
        "enemy_idx": 13
      },
      {
        "param_id": 100050106,
        "is_pop": 1,
        "is_rare": 0,
        "piece": 0,
        "enemy_drop_list": [
          {
            "drop_list": [],
            "coin": 3,
            "mana": 2
          }
        ],
        "enemy_idx": 14
      },
      {
        "param_id": 100050106,
        "is_pop": 1,
        "is_rare": 0,
        "piece": 0,
        "enemy_drop_list": [
          {
            "drop_list": [],
            "coin": 2,
            "mana": 1
          }
        ],
        "enemy_idx": 15
      },
      {
        "param_id": 100050106,
        "is_pop": 1,
        "is_rare": 0,
        "piece": 0,
        "enemy_drop_list": [
          {
            "drop_list": [],
            "coin": 2,
            "mana": 1
          }
        ],
        "enemy_idx": 16
      },
      {
        "param_id": 100050106,
        "is_pop": 1,
        "is_rare": 0,
        "piece": 0,
        "enemy_drop_list": [
          {
            "drop_list": [],
            "coin": 2,
            "mana": 0
          }
        ],
        "enemy_idx": 17
      },
      {
        "param_id": 100050106,
        "is_pop": 1,
        "is_rare": 0,
        "piece": 0,
        "enemy_drop_list": [
          {
            "drop_list": [],
            "coin": 3,
            "mana": 2
          }
        ],
        "enemy_idx": 18
      }
    ],
    "grade": []
  },
  "ChestDropInfo": [],
  "EnemyDropInfo": [
    {
      "type": 8,
      "id": 101001001,
      "min": 2,
      "max": 2,
      "promise": false,
      "special": false
    },
    {
      "type": 4,
      "id": 0,
      "min": 80,
      "max": 83,
      "promise": false,
      "special": false
    },
    {
      "type": 8,
      "id": 202002001,
      "min": 2,
      "max": 2,
      "promise": false,
      "special": false
    },
    {
      "type": 18,
      "id": 0,
      "min": 1,
      "max": 1,
      "promise": true,
      "special": false
    }
  ]
}