{
  "id": 100040102,
  "pay_stamina_single": 4,
  "campaign_stamina_single": 2,
  "pay_stamina_multi": 1,
  "campaign_stamina_multi": 1,
  "continues": 3,
  "revives": 3,
  "name": "Beware the Rolling Rocks",
  "type": "Campaign",
  "area_info": [
    {
      "scene_path": "Main/04/MAIN_04_0105_02",
      "area_name": "MAIN_04_0105_02"
    }
  ],
  "odds_info": {
    "area_index": 0,
    "reaction_obj_count": 0,
    "drop_obj": [
      {
        "drop_list": [
          {
            "type": 4,
            "id": 0,
            "quantity": 5,
            "place": 0
          }
        ],
        "obj_id": 1,
        "obj_type": 2,
        "is_rare": 0
      },
      {
        "drop_list": [],
        "obj_id": 2,
        "obj_type": 2,
        "is_rare": 0
      },
      {
        "drop_list": [
          {
            "type": 13,
            "id": 1001,
            "quantity": 1,
            "place": 0
          }
        ],
        "obj_id": 3,
        "obj_type": 2,
        "is_rare": 0
      },
      {
        "drop_list": [
          {
            "type": 13,
            "id": 1001,
            "quantity": 1,
            "place": 0
          }
        ],
        "obj_id": 4,
        "obj_type": 2,
        "is_rare": 0
      },
      {
        "drop_list": [
          {
            "type": 4,
            "id": 0,
            "quantity": 5,
            "place": 0
          }
        ],
        "obj_id": 5,
        "obj_type": 2,
        "is_rare": 0
      },
      {
        "drop_list": [
          {
            "type": 4,
            "id": 0,
            "quantity": 5,
            "place": 0
          }
        ],
        "obj_id": 6,
        "obj_type": 2,
        "is_rare": 0
      }
    ],
    "enemy": [
      {
        "param_id": 100040109,
        "is_pop": 1,
        "is_rare": 0,
        "piece": 0,
        "enemy_drop_list": [
          {
            "drop_list": [
              {
                "type": 4,
                "id": 0,
                "quantity": 70,
                "place": 0
              },
              {
                "type": 4,
                "id": 0,
                "quantity": 70,
                "place": 0
              },
              {
                "type": 8,
                "id": 202001001,
                "quantity": 2,
                "place": 0
              }
            ],
            "coin": 2,
            "mana": 2
          }
        ],
        "enemy_idx": 0
      },
      {
        "param_id": 100040104,
        "is_pop": 1,
        "is_rare": 0,
        "piece": 0,
        "enemy_drop_list": [
          {
            "drop_list": [],
            "coin": 3,
            "mana": 2
          }
        ],
        "enemy_idx": 1
      },
      {
        "param_id": 100040104,
        "is_pop": 1,
        "is_rare": 0,
        "piece": 0,
        "enemy_drop_list": [
          {
            "drop_list": [],
            "coin": 3,
            "mana": 0
          }
        ],
        "enemy_idx": 2
      },
      {
        "param_id": 100040101,
        "is_pop": 1,
        "is_rare": 0,
        "piece": 0,
        "enemy_drop_list": [
          {
            "drop_list": [],
            "coin": 1,
            "mana": 2
          }
        ],
        "enemy_idx": 3
      },
      {
        "param_id": 100040101,
        "is_pop": 1,
        "is_rare": 0,
        "piece": 0,
        "enemy_drop_list": [
          {
            "drop_list": [],
            "coin": 2,
            "mana": 2
          }
        ],
        "enemy_idx": 4
      },
      {
        "param_id": 100040101,
        "is_pop": 1,
        "is_rare": 0,
        "piece": 0,
        "enemy_drop_list": [
          {
            "drop_list": [],
            "coin": 2,
            "mana": 1
          }
        ],
        "enemy_idx": 5
      },
      {
        "param_id": 100040101,
        "is_pop": 1,
        "is_rare": 0,
        "piece": 0,
        "enemy_drop_list": [
          {
            "drop_list": [],
            "coin": 3,
            "mana": 2
          }
        ],
        "enemy_idx": 6
      },
      {
        "param_id": 100040101,
        "is_pop": 1,
        "is_rare": 0,
        "piece": 0,
        "enemy_drop_list": [
          {
            "drop_list": [
              {
                "type": 8,
                "id": 101001001,
                "quantity": 1,
                "place": 0
              }
            ],
            "coin": 1,
            "mana": 2
          }
        ],
        "enemy_idx": 7
      },
      {
        "param_id": 100040104,
        "is_pop": 1,
        "is_rare": 0,
        "piece": 0,
        "enemy_drop_list": [
          {
            "drop_list": [],
            "coin": 3,
            "mana": 1
          }
        ],
        "enemy_idx": 8
      },
      {
        "param_id": 100040104,
        "is_pop": 1,
        "is_rare": 0,
        "piece": 0,
        "enemy_drop_list": [
          {
            "drop_list": [],
            "coin": 3,
            "mana": 2
          }
        ],
        "enemy_idx": 9
      }
    ],
    "grade": []
  },
  "ChestDropInfo": [
    {
      "type": 4,
      "id": 0,
      "min": 5,
      "max": 15,
      "promise": true,
      "special": false
    },
    {
      "type": 13,
      "id": 1001,
      "min": 1,
      "max": 2,
      "promise": true,
      "special": false
    }
  ],
  "EnemyDropInfo": [
    {
      "type": 4,
      "id": 0,
      "min": 70,
      "max": 142,
      "promise": false,
      "special": false
    },
    {
      "type": 8,
      "id": 202001001,
      "min": 2,
      "max": 2,
      "promise": false,
      "special": false
    },
    {
      "type": 18,
      "id": 0,
      "min": 2,
      "max": 2,
      "promise": true,
      "special": false
    }
  ]
}