{
  "id": 100060351,
  "pay_stamina_single": 12,
  "campaign_stamina_single": 6,
  "pay_stamina_multi": 2,
  "campaign_stamina_multi": 1,
  "continues": 3,
  "name": "Woodland Blitz",
  "type": "Campaign",
  "area_info": [
    {
      "scene_path": "Main/06/MAIN_06_9901_01",
      "area_name": "MAIN_06_9901_01"
    },
    {
      "scene_path": "Main/06/MAIN_06_9901_02",
      "area_name": "MAIN_06_9901_02"
    }
  ],
  "odds_info": {
    "area_index": 0,
    "reaction_obj_count": 0,
    "drop_obj": [
      {
        "drop_list": [
          {
            "type": 4,
            "id": 0,
            "quantity": 290,
            "place": 0
          },
          {
            "type": 8,
            "id": 103001001,
            "quantity": 1,
            "place": 0
          }
        ],
        "obj_id": 1,
        "obj_type": 1,
        "is_rare": 0
      }
    ],
    "enemy": [
      {
        "param_id": 100060322,
        "is_pop": 1,
        "is_rare": 0,
        "piece": 0,
        "enemy_drop_list": [
          {
            "drop_list": [
              {
                "type": 4,
                "id": 0,
                "quantity": 290,
                "place": 0
              },
              {
                "type": 8,
                "id": 104001032,
                "quantity": 1,
                "place": 0
              },
              {
                "type": 8,
                "id": 103001001,
                "quantity": 1,
                "place": 0
              },
              {
                "type": 8,
                "id": 202003002,
                "quantity": 1,
                "place": 0
              },
              {
                "type": 8,
                "id": 202003003,
                "quantity": 1,
                "place": 0
              }
            ],
            "coin": 6,
            "mana": 3
          }
        ],
        "enemy_idx": 0
      },
      {
        "param_id": 100060322,
        "is_pop": 1,
        "is_rare": 0,
        "piece": 0,
        "enemy_drop_list": [
          {
            "drop_list": [
              {
                "type": 8,
                "id": 104001031,
                "quantity": 5,
                "place": 0
              },
              {
                "type": 8,
                "id": 104001034,
                "quantity": 1,
                "place": 0
              },
              {
                "type": 8,
                "id": 103001001,
                "quantity": 1,
                "place": 0
              },
              {
                "type": 8,
                "id": 202003002,
                "quantity": 2,
                "place": 0
              },
              {
                "type": 8,
                "id": 202003003,
                "quantity": 1,
                "place": 0
              }
            ],
            "coin": 5,
            "mana": 4
          }
        ],
        "enemy_idx": 1
      },
      {
        "param_id": 100060322,
        "is_pop": 1,
        "is_rare": 0,
        "piece": 0,
        "enemy_drop_list": [
          {
            "drop_list": [
              {
                "type": 8,
                "id": 104001031,
                "quantity": 6,
                "place": 0
              },
              {
                "type": 8,
                "id": 104001033,
                "quantity": 1,
                "place": 0
              },
              {
                "type": 8,
                "id": 103001001,
                "quantity": 1,
                "place": 0
              },
              {
                "type": 8,
                "id": 202003002,
                "quantity": 1,
                "place": 0
              },
              {
                "type": 8,
                "id": 202003003,
                "quantity": 1,
                "place": 0
              }
            ],
            "coin": 5,
            "mana": 4
          }
        ],
        "enemy_idx": 2
      },
      {
        "param_id": 100060301,
        "is_pop": 1,
        "is_rare": 0,
        "piece": 0,
        "enemy_drop_list": [
          {
            "drop_list": [],
            "coin": 4,
            "mana": 3
          }
        ],
        "enemy_idx": 3
      },
      {
        "param_id": 100060301,
        "is_pop": 1,
        "is_rare": 0,
        "piece": 0,
        "enemy_drop_list": [
          {
            "drop_list": [],
            "coin": 5,
            "mana": 2
          }
        ],
        "enemy_idx": 4
      },
      {
        "param_id": 100060301,
        "is_pop": 1,
        "is_rare": 0,
        "piece": 0,
        "enemy_drop_list": [
          {
            "drop_list": [],
            "coin": 5,
            "mana": 4
          }
        ],
        "enemy_idx": 5
      },
      {
        "param_id": 100060301,
        "is_pop": 1,
        "is_rare": 0,
        "piece": 0,
        "enemy_drop_list": [
          {
            "drop_list": [],
            "coin": 5,
            "mana": 3
          }
        ],
        "enemy_idx": 6
      },
      {
        "param_id": 100060301,
        "is_pop": 1,
        "is_rare": 0,
        "piece": 0,
        "enemy_drop_list": [
          {
            "drop_list": [],
            "coin": 4,
            "mana": 3
          }
        ],
        "enemy_idx": 7
      },
      {
        "param_id": 100060301,
        "is_pop": 1,
        "is_rare": 0,
        "piece": 0,
        "enemy_drop_list": [
          {
            "drop_list": [],
            "coin": 6,
            "mana": 2
          }
        ],
        "enemy_idx": 8
      },
      {
        "param_id": 100060301,
        "is_pop": 1,
        "is_rare": 0,
        "piece": 0,
        "enemy_drop_list": [
          {
            "drop_list": [
              {
                "type": 8,
                "id": 101001001,
                "quantity": 1,
                "place": 0
              }
            ],
            "coin": 6,
            "mana": 2
          }
        ],
        "enemy_idx": 9
      },
      {
        "param_id": 100060301,
        "is_pop": 1,
        "is_rare": 0,
        "piece": 0,
        "enemy_drop_list": [
          {
            "drop_list": [],
            "coin": 4,
            "mana": 2
          }
        ],
        "enemy_idx": 10
      },
      {
        "param_id": 100060301,
        "is_pop": 1,
        "is_rare": 0,
        "piece": 0,
        "enemy_drop_list": [
          {
            "drop_list": [],
            "coin": 5,
            "mana": 4
          }
        ],
        "enemy_idx": 11
      },
      {
        "param_id": 100060301,
        "is_pop": 1,
        "is_rare": 0,
        "piece": 0,
        "enemy_drop_list": [
          {
            "drop_list": [],
            "coin": 6,
            "mana": 3
          }
        ],
        "enemy_idx": 12
      },
      {
        "param_id": 100060301,
        "is_pop": 1,
        "is_rare": 0,
        "piece": 0,
        "enemy_drop_list": [
          {
            "drop_list": [],
            "coin": 5,
            "mana": 4
          }
        ],
        "enemy_idx": 13
      },
      {
        "param_id": 100060301,
        "is_pop": 1,
        "is_rare": 0,
        "piece": 0,
        "enemy_drop_list": [
          {
            "drop_list": [],
            "coin": 5,
            "mana": 3
          }
        ],
        "enemy_idx": 14
      },
      {
        "param_id": 100060301,
        "is_pop": 1,
        "is_rare": 0,
        "piece": 0,
        "enemy_drop_list": [
          {
            "drop_list": [],
            "coin": 5,
            "mana": 3
          }
        ],
        "enemy_idx": 15
      },
      {
        "param_id": 100060301,
        "is_pop": 1,
        "is_rare": 0,
        "piece": 0,
        "enemy_drop_list": [
          {
            "drop_list": [],
            "coin": 4,
            "mana": 3
          }
        ],
        "enemy_idx": 16
      },
      {
        "param_id": 100060301,
        "is_pop": 1,
        "is_rare": 0,
        "piece": 0,
        "enemy_drop_list": [
          {
            "drop_list": [],
            "coin": 5,
            "mana": 4
          }
        ],
        "enemy_idx": 17
      },
      {
        "param_id": 100060301,
        "is_pop": 1,
        "is_rare": 0,
        "piece": 0,
        "enemy_drop_list": [
          {
            "drop_list": [],
            "coin": 5,
            "mana": 4
          }
        ],
        "enemy_idx": 18
      },
      {
        "param_id": 100060301,
        "is_pop": 1,
        "is_rare": 0,
        "piece": 0,
        "enemy_drop_list": [
          {
            "drop_list": [],
            "coin": 4,
            "mana": 3
          }
        ],
        "enemy_idx": 19
      },
      {
        "param_id": 100060301,
        "is_pop": 1,
        "is_rare": 0,
        "piece": 0,
        "enemy_drop_list": [
          {
            "drop_list": [],
            "coin": 6,
            "mana": 3
          }
        ],
        "enemy_idx": 20
      },
      {
        "param_id": 100060302,
        "is_pop": 1,
        "is_rare": 0,
        "piece": 0,
        "enemy_drop_list": [
          {
            "drop_list": [],
            "coin": 5,
            "mana": 4
          }
        ],
        "enemy_idx": 21
      },
      {
        "param_id": 100060302,
        "is_pop": 1,
        "is_rare": 0,
        "piece": 0,
        "enemy_drop_list": [
          {
            "drop_list": [],
            "coin": 6,
            "mana": 3
          }
        ],
        "enemy_idx": 22
      },
      {
        "param_id": 100060302,
        "is_pop": 1,
        "is_rare": 0,
        "piece": 0,
        "enemy_drop_list": [
          {
            "drop_list": [],
            "coin": 6,
            "mana": 2
          }
        ],
        "enemy_idx": 23
      }
    ],
    "grade": []
  },
  "ChestDropInfo": [
    {
      "type": 4,
      "id": 0,
      "min": 290,
      "max": 290,
      "promise": true,
      "special": false
    },
    {
      "type": 8,
      "id": 103001001,
      "min": 1,
      "max": 1,
      "promise": true,
      "special": false
    }
  ],
  "EnemyDropInfo": [
    {
      "type": 4,
      "id": 0,
      "min": 290,
      "max": 296,
      "promise": false,
      "special": false
    },
    {
      "type": 8,
      "id": 104001032,
      "min": 1,
      "max": 1,
      "promise": false,
      "special": false
    },
    {
      "type": 8,
      "id": 103001001,
      "min": 1,
      "max": 1,
      "promise": false,
      "special": false
    },
    {
      "type": 8,
      "id": 202003002,
      "min": 1,
      "max": 1,
      "promise": false,
      "special": false
    },
    {
      "type": 8,
      "id": 202003003,
      "min": 1,
      "max": 1,
      "promise": false,
      "special": false
    },
    {
      "type": 18,
      "id": 0,
      "min": 3,
      "max": 3,
      "promise": true,
      "special": false
    }
  ]
}