{
  "id": 100030106,
  "pay_stamina_single": 4,
  "campaign_stamina_single": 2,
  "pay_stamina_multi": 1,
  "campaign_stamina_multi": 1,
  "continues": 3,
  "revives": 3,
  "name": "Grave of the Giant Wyrm",
  "type": "Campaign",
  "area_info": [
    {
      "scene_path": "Boss/BG002_5001_00/BG002_5001_00_00",
      "area_name": "MAIN_03_0103_03"
    }
  ],
  "odds_info": {
    "area_index": 0,
    "reaction_obj_count": 0,
    "drop_obj": [],
    "enemy": [
      {
        "param_id": 100030101,
        "is_pop": 1,
        "is_rare": 0,
        "piece": 0,
        "enemy_drop_list": [
          {
            "drop_list": [],
            "coin": 1,
            "mana": 1
          }
        ],
        "enemy_idx": 0
      },
      {
        "param_id": 100030101,
        "is_pop": 1,
        "is_rare": 0,
        "piece": 0,
        "enemy_drop_list": [
          {
            "drop_list": [],
            "coin": 1,
            "mana": 2
          }
        ],
        "enemy_idx": 1
      },
      {
        "param_id": 100030101,
        "is_pop": 1,
        "is_rare": 0,
        "piece": 0,
        "enemy_drop_list": [
          {
            "drop_list": [],
            "coin": 2,
            "mana": 2
          }
        ],
        "enemy_idx": 2
      },
      {
        "param_id": 100030101,
        "is_pop": 1,
        "is_rare": 0,
        "piece": 0,
        "enemy_drop_list": [
          {
            "drop_list": [],
            "coin": 1,
            "mana": 1
          }
        ],
        "enemy_idx": 3
      },
      {
        "param_id": 100030101,
        "is_pop": 1,
        "is_rare": 0,
        "piece": 0,
        "enemy_drop_list": [
          {
            "drop_list": [],
            "coin": 1,
            "mana": 2
          }
        ],
        "enemy_idx": 4
      },
      {
        "param_id": 100030101,
        "is_pop": 1,
        "is_rare": 0,
        "piece": 0,
        "enemy_drop_list": [
          {
            "drop_list": [],
            "coin": 1,
            "mana": 1
          }
        ],
        "enemy_idx": 5
      },
      {
        "param_id": 100030102,
        "is_pop": 1,
        "is_rare": 0,
        "piece": 0,
        "enemy_drop_list": [
          {
            "drop_list": [],
            "coin": 2,
            "mana": 1
          }
        ],
        "enemy_idx": 6
      },
      {
        "param_id": 100030102,
        "is_pop": 1,
        "is_rare": 0,
        "piece": 0,
        "enemy_drop_list": [
          {
            "drop_list": [],
            "coin": 1,
            "mana": 1
          }
        ],
        "enemy_idx": 7
      },
      {
        "param_id": 100030110,
        "is_pop": 1,
        "is_rare": 0,
        "piece": 0,
        "enemy_drop_list": [
          {
            "drop_list": [
              {
                "type": 4,
                "id": 0,
                "quantity": 60,
                "place": 0
              },
              {
                "type": 8,
                "id": 104001011,
                "quantity": 1,
                "place": 0
              },
              {
                "type": 8,
                "id": 202003001,
                "quantity": 1,
                "place": 0
              },
              {
                "type": 8,
                "id": 202004001,
                "quantity": 1,
                "place": 0
              }
            ],
            "coin": 2,
            "mana": 0
          }
        ],
        "enemy_idx": 8
      },
      {
        "param_id": 100030101,
        "is_pop": 1,
        "is_rare": 0,
        "piece": 0,
        "enemy_drop_list": [
          {
            "drop_list": [],
            "coin": 1,
            "mana": 2
          }
        ],
        "enemy_idx": 9
      },
      {
        "param_id": 100030101,
        "is_pop": 1,
        "is_rare": 0,
        "piece": 0,
        "enemy_drop_list": [
          {
            "drop_list": [],
            "coin": 2,
            "mana": 1
          }
        ],
        "enemy_idx": 10
      },
      {
        "param_id": 100030101,
        "is_pop": 1,
        "is_rare": 0,
        "piece": 0,
        "enemy_drop_list": [
          {
            "drop_list": [],
            "coin": 1,
            "mana": 1
          }
        ],
        "enemy_idx": 11
      },
      {
        "param_id": 100030101,
        "is_pop": 1,
        "is_rare": 0,
        "piece": 0,
        "enemy_drop_list": [
          {
            "drop_list": [],
            "coin": 2,
            "mana": 2
          }
        ],
        "enemy_idx": 12
      },
      {
        "param_id": 100030101,
        "is_pop": 1,
        "is_rare": 0,
        "piece": 0,
        "enemy_drop_list": [
          {
            "drop_list": [],
            "coin": 2,
            "mana": 1
          }
        ],
        "enemy_idx": 13
      },
      {
        "param_id": 100030101,
        "is_pop": 1,
        "is_rare": 0,
        "piece": 0,
        "enemy_drop_list": [
          {
            "drop_list": [],
            "coin": 1,
            "mana": 0
          }
        ],
        "enemy_idx": 14
      },
      {
        "param_id": 100030101,
        "is_pop": 1,
        "is_rare": 0,
        "piece": 0,
        "enemy_drop_list": [
          {
            "drop_list": [],
            "coin": 1,
            "mana": 1
          }
        ],
        "enemy_idx": 15
      },
      {
        "param_id": 100030101,
        "is_pop": 1,
        "is_rare": 0,
        "piece": 0,
        "enemy_drop_list": [
          {
            "drop_list": [],
            "coin": 1,
            "mana": 2
          }
        ],
        "enemy_idx": 16
      },
      {
        "param_id": 100030101,
        "is_pop": 1,
        "is_rare": 0,
        "piece": 0,
        "enemy_drop_list": [
          {
            "drop_list": [],
            "coin": 2,
            "mana": 0
          }
        ],
        "enemy_idx": 17
      },
      {
        "param_id": 100030101,
        "is_pop": 1,
        "is_rare": 0,
        "piece": 0,
        "enemy_drop_list": [
          {
            "drop_list": [],
            "coin": 1,
            "mana": 0
          }
        ],
        "enemy_idx": 18
      },
      {
        "param_id": 100030101,
        "is_pop": 1,
        "is_rare": 0,
        "piece": 0,
        "enemy_drop_list": [
          {
            "drop_list": [],
            "coin": 1,
            "mana": 0
          }
        ],
        "enemy_idx": 19
      },
      {
        "param_id": 100030101,
        "is_pop": 1,
        "is_rare": 0,
        "piece": 0,
        "enemy_drop_list": [
          {
            "drop_list": [],
            "coin": 2,
            "mana": 0
          }
        ],
        "enemy_idx": 20
      },
      {
        "param_id": 100030102,
        "is_pop": 1,
        "is_rare": 0,
        "piece": 0,
        "enemy_drop_list": [
          {
            "drop_list": [],
            "coin": 1,
            "mana": 2
          }
        ],
        "enemy_idx": 21
      },
      {
        "param_id": 100030102,
        "is_pop": 1,
        "is_rare": 0,
        "piece": 0,
        "enemy_drop_list": [
          {
            "drop_list": [],
            "coin": 1,
            "mana": 2
          }
        ],
        "enemy_idx": 22
      },
      {
        "param_id": 100030102,
        "is_pop": 1,
        "is_rare": 0,
        "piece": 0,
        "enemy_drop_list": [
          {
            "drop_list": [],
            "coin": 2,
            "mana": 1
          }
        ],
        "enemy_idx": 23
      },
      {
        "param_id": 100030101,
        "is_pop": 1,
        "is_rare": 0,
        "piece": 0,
        "enemy_drop_list": [
          {
            "drop_list": [],
            "coin": 1,
            "mana": 1
          }
        ],
        "enemy_idx": 24
      },
      {
        "param_id": 100030101,
        "is_pop": 1,
        "is_rare": 0,
        "piece": 0,
        "enemy_drop_list": [
          {
            "drop_list": [],
            "coin": 2,
            "mana": 2
          }
        ],
        "enemy_idx": 25
      },
      {
        "param_id": 100030101,
        "is_pop": 1,
        "is_rare": 0,
        "piece": 0,
        "enemy_drop_list": [
          {
            "drop_list": [],
            "coin": 1,
            "mana": 2
          }
        ],
        "enemy_idx": 26
      }
    ],
    "grade": []
  },
  "ChestDropInfo": [],
  "EnemyDropInfo": [
    {
      "type": 4,
      "id": 0,
      "min": 1,
      "max": 1,
      "promise": true,
      "special": false
    },
    {
      "type": 18,
      "id": 0,
      "min": 1,
      "max": 1,
      "promise": true,
      "special": false
    }
  ]
}