{
  "id": 100060312,
  "pay_stamina_single": 11,
  "campaign_stamina_single": 5,
  "pay_stamina_multi": 2,
  "campaign_stamina_multi": 1,
  "continues": 3,
  "revives": 1,
  "name": "One Last Push",
  "type": "Campaign",
  "area_info": [
    {
      "scene_path": "Main/06/MAIN_06_8811_01",
      "area_name": "MAIN_06_8811_01"
    },
    {
      "scene_path": "Boss/BG001_5001_00/BG001_5001_00_02",
      "area_name": "MAIN_06_8811_02"
    }
  ],
  "odds_info": {
    "area_index": 0,
    "reaction_obj_count": 0,
    "drop_obj": [
      {
        "drop_list": [],
        "obj_id": 3,
        "obj_type": 2,
        "is_rare": 0
      },
      {
        "drop_list": [],
        "obj_id": 4,
        "obj_type": 2,
        "is_rare": 0
      },
      {
        "drop_list": [
          {
            "type": 4,
            "id": 0,
            "quantity": 5,
            "place": 0
          }
        ],
        "obj_id": 5,
        "obj_type": 2,
        "is_rare": 0
      },
      {
        "drop_list": [],
        "obj_id": 6,
        "obj_type": 2,
        "is_rare": 0
      },
      {
        "drop_list": [
          {
            "type": 8,
            "id": 101001001,
            "quantity": 4,
            "place": 0
          }
        ],
        "obj_id": 2,
        "obj_type": 1,
        "is_rare": 0
      }
    ],
    "enemy": [
      {
        "param_id": 100060305,
        "is_pop": 1,
        "is_rare": 0,
        "piece": 0,
        "enemy_drop_list": [
          {
            "drop_list": [],
            "coin": 5,
            "mana": 4
          }
        ],
        "enemy_idx": 0
      },
      {
        "param_id": 100060313,
        "is_pop": 1,
        "is_rare": 0,
        "piece": 0,
        "enemy_drop_list": [
          {
            "drop_list": [],
            "coin": 5,
            "mana": 4
          }
        ],
        "enemy_idx": 1
      },
      {
        "param_id": 100060312,
        "is_pop": 1,
        "is_rare": 0,
        "piece": 0,
        "enemy_drop_list": [
          {
            "drop_list": [],
            "coin": 4,
            "mana": 3
          }
        ],
        "enemy_idx": 2
      },
      {
        "param_id": 100060312,
        "is_pop": 1,
        "is_rare": 0,
        "piece": 0,
        "enemy_drop_list": [
          {
            "drop_list": [],
            "coin": 5,
            "mana": 3
          }
        ],
        "enemy_idx": 3
      },
      {
        "param_id": 100060305,
        "is_pop": 1,
        "is_rare": 0,
        "piece": 0,
        "enemy_drop_list": [
          {
            "drop_list": [],
            "coin": 6,
            "mana": 3
          }
        ],
        "enemy_idx": 4
      },
      {
        "param_id": 100060304,
        "is_pop": 1,
        "is_rare": 0,
        "piece": 0,
        "enemy_drop_list": [
          {
            "drop_list": [],
            "coin": 6,
            "mana": 4
          }
        ],
        "enemy_idx": 5
      },
      {
        "param_id": 100060320,
        "is_pop": 1,
        "is_rare": 0,
        "piece": 0,
        "enemy_drop_list": [
          {
            "drop_list": [],
            "coin": 5,
            "mana": 2
          }
        ],
        "enemy_idx": 6
      },
      {
        "param_id": 100060312,
        "is_pop": 1,
        "is_rare": 0,
        "piece": 0,
        "enemy_drop_list": [
          {
            "drop_list": [],
            "coin": 5,
            "mana": 2
          }
        ],
        "enemy_idx": 7
      },
      {
        "param_id": 100060312,
        "is_pop": 1,
        "is_rare": 0,
        "piece": 0,
        "enemy_drop_list": [
          {
            "drop_list": [],
            "coin": 6,
            "mana": 4
          }
        ],
        "enemy_idx": 8
      },
      {
        "param_id": 100060306,
        "is_pop": 1,
        "is_rare": 0,
        "piece": 0,
        "enemy_drop_list": [
          {
            "drop_list": [],
            "coin": 4,
            "mana": 3
          }
        ],
        "enemy_idx": 9
      },
      {
        "param_id": 100060303,
        "is_pop": 1,
        "is_rare": 0,
        "piece": 0,
        "enemy_drop_list": [
          {
            "drop_list": [],
            "coin": 4,
            "mana": 4
          }
        ],
        "enemy_idx": 10
      },
      {
        "param_id": 100060303,
        "is_pop": 1,
        "is_rare": 0,
        "piece": 0,
        "enemy_drop_list": [
          {
            "drop_list": [],
            "coin": 5,
            "mana": 4
          }
        ],
        "enemy_idx": 11
      },
      {
        "param_id": 100060304,
        "is_pop": 1,
        "is_rare": 0,
        "piece": 0,
        "enemy_drop_list": [
          {
            "drop_list": [],
            "coin": 5,
            "mana": 3
          }
        ],
        "enemy_idx": 12
      },
      {
        "param_id": 100060304,
        "is_pop": 1,
        "is_rare": 0,
        "piece": 0,
        "enemy_drop_list": [
          {
            "drop_list": [],
            "coin": 5,
            "mana": 4
          }
        ],
        "enemy_idx": 13
      },
      {
        "param_id": 100060306,
        "is_pop": 1,
        "is_rare": 0,
        "piece": 0,
        "enemy_drop_list": [
          {
            "drop_list": [],
            "coin": 5,
            "mana": 2
          }
        ],
        "enemy_idx": 14
      },
      {
        "param_id": 100060306,
        "is_pop": 1,
        "is_rare": 0,
        "piece": 0,
        "enemy_drop_list": [
          {
            "drop_list": [],
            "coin": 4,
            "mana": 4
          }
        ],
        "enemy_idx": 15
      },
      {
        "param_id": 100060304,
        "is_pop": 1,
        "is_rare": 0,
        "piece": 0,
        "enemy_drop_list": [
          {
            "drop_list": [],
            "coin": 4,
            "mana": 2
          }
        ],
        "enemy_idx": 16
      },
      {
        "param_id": 100060301,
        "is_pop": 1,
        "is_rare": 0,
        "piece": 0,
        "enemy_drop_list": [
          {
            "drop_list": [],
            "coin": 5,
            "mana": 2
          }
        ],
        "enemy_idx": 17
      },
      {
        "param_id": 100060301,
        "is_pop": 1,
        "is_rare": 0,
        "piece": 0,
        "enemy_drop_list": [
          {
            "drop_list": [
              {
                "type": 8,
                "id": 101001001,
                "quantity": 1,
                "place": 0
              }
            ],
            "coin": 5,
            "mana": 4
          }
        ],
        "enemy_idx": 18
      },
      {
        "param_id": 100060301,
        "is_pop": 1,
        "is_rare": 0,
        "piece": 0,
        "enemy_drop_list": [
          {
            "drop_list": [],
            "coin": 5,
            "mana": 2
          }
        ],
        "enemy_idx": 19
      },
      {
        "param_id": 100060301,
        "is_pop": 1,
        "is_rare": 0,
        "piece": 0,
        "enemy_drop_list": [
          {
            "drop_list": [],
            "coin": 4,
            "mana": 4
          }
        ],
        "enemy_idx": 20
      },
      {
        "param_id": 100060306,
        "is_pop": 1,
        "is_rare": 0,
        "piece": 0,
        "enemy_drop_list": [
          {
            "drop_list": [],
            "coin": 5,
            "mana": 2
          }
        ],
        "enemy_idx": 21
      },
      {
        "param_id": 100060301,
        "is_pop": 1,
        "is_rare": 0,
        "piece": 0,
        "enemy_drop_list": [
          {
            "drop_list": [],
            "coin": 5,
            "mana": 3
          }
        ],
        "enemy_idx": 22
      },
      {
        "param_id": 100060301,
        "is_pop": 1,
        "is_rare": 0,
        "piece": 0,
        "enemy_drop_list": [
          {
            "drop_list": [],
            "coin": 5,
            "mana": 3
          }
        ],
        "enemy_idx": 23
      },
      {
        "param_id": 100060301,
        "is_pop": 1,
        "is_rare": 0,
        "piece": 0,
        "enemy_drop_list": [
          {
            "drop_list": [],
            "coin": 5,
            "mana": 2
          }
        ],
        "enemy_idx": 24
      },
      {
        "param_id": 100060301,
        "is_pop": 1,
        "is_rare": 0,
        "piece": 0,
        "enemy_drop_list": [
          {
            "drop_list": [],
            "coin": 4,
            "mana": 2
          }
        ],
        "enemy_idx": 25
      },
      {
        "param_id": 100060301,
        "is_pop": 1,
        "is_rare": 0,
        "piece": 0,
        "enemy_drop_list": [
          {
            "drop_list": [
              {
                "type": 8,
                "id": 104001031,
                "quantity": 1,
                "place": 0
              }
            ],
            "coin": 4,
            "mana": 3
          }
        ],
        "enemy_idx": 26
      },
      {
        "param_id": 100060311,
        "is_pop": 1,
        "is_rare": 0,
        "piece": 0,
        "enemy_drop_list": [
          {
            "drop_list": [],
            "coin": 5,
            "mana": 4
          }
        ],
        "enemy_idx": 27
      },
      {
        "param_id": 100060311,
        "is_pop": 1,
        "is_rare": 0,
        "piece": 0,
        "enemy_drop_list": [
          {
            "drop_list": [],
            "coin": 5,
            "mana": 4
          }
        ],
        "enemy_idx": 28
      },
      {
        "param_id": 100060311,
        "is_pop": 1,
        "is_rare": 0,
        "piece": 0,
        "enemy_drop_list": [
          {
            "drop_list": [],
            "coin": 4,
            "mana": 4
          }
        ],
        "enemy_idx": 29
      },
      {
        "param_id": 100060313,
        "is_pop": 1,
        "is_rare": 0,
        "piece": 0,
        "enemy_drop_list": [
          {
            "drop_list": [],
            "coin": 4,
            "mana": 3
          }
        ],
        "enemy_idx": 30
      }
    ],
    "grade": []
  },
  "ChestDropInfo": [
    {
      "type": 4,
      "id": 0,
      "min": 5,
      "max": 5,
      "promise": true,
      "special": false
    },
    {
      "type": 8,
      "id": 101001001,
      "min": 4,
      "max": 4,
      "promise": true,
      "special": false
    }
  ],
  "EnemyDropInfo": [
    {
      "type": 4,
      "id": 0,
      "min": 5,
      "max": 5,
      "promise": true,
      "special": false
    },
    {
      "type": 18,
      "id": 0,
      "min": 4,
      "max": 4,
      "promise": true,
      "special": false
    }
  ]
}