{
  "id": 100050101,
  "variation": 1,
  "pay_stamina_single": 5,
  "campaign_stamina_single": 2,
  "pay_stamina_multi": 1,
  "campaign_stamina_multi": 1,
  "continues": 3,
  "revives": 3,
  "name": "Invitation to Darkness",
  "type": 1,
  "area_info": [
    {
      "scene_path": "Boss/BG005_5001_00/BG005_5001_00_00",
      "area_name": "MAIN_05_0101_03"
    }
  ],
  "odds_info": {
    "area_index": 0,
    "reaction_obj_count": 0,
    "drop_obj": [],
    "enemy": [],
    "grade": []
  },
  "ChestDropInfo": [],
  "EnemyDropInfo": [
    {
      "type": 8,
      "id": 101001001,
      "min": 2,
      "max": 2,
      "promise": false,
      "special": false
    },
    {
      "type": 8,
      "id": 104001051,
      "min": 2,
      "max": 2,
      "promise": false,
      "special": false
    },
    {
      "type": 8,
      "id": 202002001,
      "min": 2,
      "max": 2,
      "promise": false,
      "special": false
    },
    {
      "type": 4,
      "id": 0,
      "min": 2,
      "max": 2,
      "promise": true,
      "special": false
    },
    {
      "type": 18,
      "id": 0,
      "min": 0,
      "max": 0,
      "promise": true,
      "special": false
    }
  ]
}