{
  "id": 100140251,
  "pay_stamina_single": 12,
  "campaign_stamina_single": 6,
  "pay_stamina_multi": 2,
  "campaign_stamina_multi": 1,
  "continues": 3,
  "revives": 2,
  "name": "A Terrifying Assault",
  "type": "Campaign",
  "area_info": [
    {
      "scene_path": "Main/14/MAIN_14_0108_01",
      "area_name": "MAIN_14_0108_01"
    },
    {
      "scene_path": "Boss/BG031_5001_00/BG031_5001_00_00",
      "area_name": "MAIN_14_0108_02"
    }
  ],
  "odds_info": {
    "area_index": 0,
    "reaction_obj_count": 0,
    "drop_obj": [],
    "enemy": [
      {
        "param_id": 100140207,
        "is_pop": 1,
        "is_rare": 0,
        "piece": 0,
        "enemy_drop_list": [
          {
            "drop_list": [
              {
                "type": 8,
                "id": 104001031,
                "quantity": 1,
                "place": 0
              }
            ],
            "coin": 7,
            "mana": 5
          }
        ],
        "enemy_idx": 0
      },
      {
        "param_id": 100140207,
        "is_pop": 1,
        "is_rare": 0,
        "piece": 0,
        "enemy_drop_list": [
          {
            "drop_list": [],
            "coin": 7,
            "mana": 5
          }
        ],
        "enemy_idx": 1
      },
      {
        "param_id": 100140207,
        "is_pop": 1,
        "is_rare": 0,
        "piece": 0,
        "enemy_drop_list": [
          {
            "drop_list": [],
            "coin": 6,
            "mana": 4
          }
        ],
        "enemy_idx": 2
      },
      {
        "param_id": 100140207,
        "is_pop": 1,
        "is_rare": 0,
        "piece": 0,
        "enemy_drop_list": [
          {
            "drop_list": [],
            "coin": 6,
            "mana": 5
          }
        ],
        "enemy_idx": 3
      },
      {
        "param_id": 100140207,
        "is_pop": 1,
        "is_rare": 0,
        "piece": 0,
        "enemy_drop_list": [
          {
            "drop_list": [],
            "coin": 7,
            "mana": 3
          }
        ],
        "enemy_idx": 4
      },
      {
        "param_id": 100140207,
        "is_pop": 1,
        "is_rare": 0,
        "piece": 0,
        "enemy_drop_list": [
          {
            "drop_list": [],
            "coin": 6,
            "mana": 4
          }
        ],
        "enemy_idx": 5
      },
      {
        "param_id": 100140207,
        "is_pop": 1,
        "is_rare": 0,
        "piece": 0,
        "enemy_drop_list": [
          {
            "drop_list": [],
            "coin": 6,
            "mana": 3
          }
        ],
        "enemy_idx": 6
      },
      {
        "param_id": 100140207,
        "is_pop": 1,
        "is_rare": 0,
        "piece": 0,
        "enemy_drop_list": [
          {
            "drop_list": [
              {
                "type": 8,
                "id": 104001031,
                "quantity": 1,
                "place": 0
              }
            ],
            "coin": 7,
            "mana": 3
          }
        ],
        "enemy_idx": 7
      },
      {
        "param_id": 100140207,
        "is_pop": 1,
        "is_rare": 0,
        "piece": 0,
        "enemy_drop_list": [
          {
            "drop_list": [],
            "coin": 8,
            "mana": 4
          }
        ],
        "enemy_idx": 8
      },
      {
        "param_id": 100140207,
        "is_pop": 1,
        "is_rare": 0,
        "piece": 0,
        "enemy_drop_list": [
          {
            "drop_list": [],
            "coin": 7,
            "mana": 5
          }
        ],
        "enemy_idx": 9
      },
      {
        "param_id": 100140207,
        "is_pop": 1,
        "is_rare": 0,
        "piece": 0,
        "enemy_drop_list": [
          {
            "drop_list": [],
            "coin": 6,
            "mana": 3
          }
        ],
        "enemy_idx": 10
      },
      {
        "param_id": 100140207,
        "is_pop": 1,
        "is_rare": 0,
        "piece": 0,
        "enemy_drop_list": [
          {
            "drop_list": [],
            "coin": 7,
            "mana": 5
          }
        ],
        "enemy_idx": 11
      },
      {
        "param_id": 100140207,
        "is_pop": 1,
        "is_rare": 0,
        "piece": 0,
        "enemy_drop_list": [
          {
            "drop_list": [],
            "coin": 6,
            "mana": 4
          }
        ],
        "enemy_idx": 12
      },
      {
        "param_id": 100140207,
        "is_pop": 1,
        "is_rare": 0,
        "piece": 0,
        "enemy_drop_list": [
          {
            "drop_list": [],
            "coin": 8,
            "mana": 4
          }
        ],
        "enemy_idx": 13
      },
      {
        "param_id": 100140207,
        "is_pop": 1,
        "is_rare": 0,
        "piece": 0,
        "enemy_drop_list": [
          {
            "drop_list": [],
            "coin": 7,
            "mana": 4
          }
        ],
        "enemy_idx": 14
      },
      {
        "param_id": 100140207,
        "is_pop": 1,
        "is_rare": 0,
        "piece": 0,
        "enemy_drop_list": [
          {
            "drop_list": [],
            "coin": 7,
            "mana": 5
          }
        ],
        "enemy_idx": 15
      },
      {
        "param_id": 100140207,
        "is_pop": 1,
        "is_rare": 0,
        "piece": 0,
        "enemy_drop_list": [
          {
            "drop_list": [],
            "coin": 6,
            "mana": 4
          }
        ],
        "enemy_idx": 16
      },
      {
        "param_id": 100140207,
        "is_pop": 1,
        "is_rare": 0,
        "piece": 0,
        "enemy_drop_list": [
          {
            "drop_list": [],
            "coin": 7,
            "mana": 5
          }
        ],
        "enemy_idx": 17
      },
      {
        "param_id": 100140207,
        "is_pop": 1,
        "is_rare": 0,
        "piece": 0,
        "enemy_drop_list": [
          {
            "drop_list": [],
            "coin": 6,
            "mana": 5
          }
        ],
        "enemy_idx": 18
      },
      {
        "param_id": 100140207,
        "is_pop": 1,
        "is_rare": 0,
        "piece": 0,
        "enemy_drop_list": [
          {
            "drop_list": [],
            "coin": 6,
            "mana": 3
          }
        ],
        "enemy_idx": 19
      },
      {
        "param_id": 100140207,
        "is_pop": 1,
        "is_rare": 0,
        "piece": 0,
        "enemy_drop_list": [
          {
            "drop_list": [],
            "coin": 8,
            "mana": 5
          }
        ],
        "enemy_idx": 20
      },
      {
        "param_id": 100140207,
        "is_pop": 1,
        "is_rare": 0,
        "piece": 0,
        "enemy_drop_list": [
          {
            "drop_list": [],
            "coin": 7,
            "mana": 5
          }
        ],
        "enemy_idx": 21
      },
      {
        "param_id": 100140207,
        "is_pop": 1,
        "is_rare": 0,
        "piece": 0,
        "enemy_drop_list": [
          {
            "drop_list": [],
            "coin": 7,
            "mana": 3
          }
        ],
        "enemy_idx": 22
      },
      {
        "param_id": 100140207,
        "is_pop": 1,
        "is_rare": 0,
        "piece": 0,
        "enemy_drop_list": [
          {
            "drop_list": [],
            "coin": 7,
            "mana": 5
          }
        ],
        "enemy_idx": 23
      },
      {
        "param_id": 100140207,
        "is_pop": 1,
        "is_rare": 0,
        "piece": 0,
        "enemy_drop_list": [
          {
            "drop_list": [],
            "coin": 7,
            "mana": 5
          }
        ],
        "enemy_idx": 24
      },
      {
        "param_id": 100140207,
        "is_pop": 1,
        "is_rare": 0,
        "piece": 0,
        "enemy_drop_list": [
          {
            "drop_list": [],
            "coin": 8,
            "mana": 5
          }
        ],
        "enemy_idx": 25
      },
      {
        "param_id": 100140207,
        "is_pop": 1,
        "is_rare": 0,
        "piece": 0,
        "enemy_drop_list": [
          {
            "drop_list": [],
            "coin": 8,
            "mana": 4
          }
        ],
        "enemy_idx": 26
      },
      {
        "param_id": 100140207,
        "is_pop": 1,
        "is_rare": 0,
        "piece": 0,
        "enemy_drop_list": [
          {
            "drop_list": [
              {
                "type": 8,
                "id": 101001002,
                "quantity": 1,
                "place": 0
              }
            ],
            "coin": 6,
            "mana": 5
          }
        ],
        "enemy_idx": 27
      },
      {
        "param_id": 100140207,
        "is_pop": 1,
        "is_rare": 0,
        "piece": 0,
        "enemy_drop_list": [
          {
            "drop_list": [],
            "coin": 6,
            "mana": 5
          }
        ],
        "enemy_idx": 28
      },
      {
        "param_id": 100140207,
        "is_pop": 1,
        "is_rare": 0,
        "piece": 0,
        "enemy_drop_list": [
          {
            "drop_list": [],
            "coin": 7,
            "mana": 4
          }
        ],
        "enemy_idx": 29
      },
      {
        "param_id": 100140207,
        "is_pop": 1,
        "is_rare": 0,
        "piece": 0,
        "enemy_drop_list": [
          {
            "drop_list": [
              {
                "type": 8,
                "id": 104001031,
                "quantity": 1,
                "place": 0
              }
            ],
            "coin": 7,
            "mana": 5
          }
        ],
        "enemy_idx": 30
      },
      {
        "param_id": 100140207,
        "is_pop": 1,
        "is_rare": 0,
        "piece": 0,
        "enemy_drop_list": [
          {
            "drop_list": [],
            "coin": 6,
            "mana": 3
          }
        ],
        "enemy_idx": 31
      },
      {
        "param_id": 100140207,
        "is_pop": 1,
        "is_rare": 0,
        "piece": 0,
        "enemy_drop_list": [
          {
            "drop_list": [],
            "coin": 8,
            "mana": 4
          }
        ],
        "enemy_idx": 32
      },
      {
        "param_id": 100140207,
        "is_pop": 1,
        "is_rare": 0,
        "piece": 0,
        "enemy_drop_list": [
          {
            "drop_list": [
              {
                "type": 8,
                "id": 104001031,
                "quantity": 1,
                "place": 0
              }
            ],
            "coin": 8,
            "mana": 5
          }
        ],
        "enemy_idx": 33
      },
      {
        "param_id": 100140207,
        "is_pop": 1,
        "is_rare": 0,
        "piece": 0,
        "enemy_drop_list": [
          {
            "drop_list": [],
            "coin": 7,
            "mana": 4
          }
        ],
        "enemy_idx": 34
      },
      {
        "param_id": 100140207,
        "is_pop": 1,
        "is_rare": 0,
        "piece": 0,
        "enemy_drop_list": [
          {
            "drop_list": [],
            "coin": 8,
            "mana": 4
          }
        ],
        "enemy_idx": 35
      },
      {
        "param_id": 100140207,
        "is_pop": 1,
        "is_rare": 0,
        "piece": 0,
        "enemy_drop_list": [
          {
            "drop_list": [],
            "coin": 7,
            "mana": 3
          }
        ],
        "enemy_idx": 36
      },
      {
        "param_id": 100140207,
        "is_pop": 1,
        "is_rare": 0,
        "piece": 0,
        "enemy_drop_list": [
          {
            "drop_list": [],
            "coin": 8,
            "mana": 5
          }
        ],
        "enemy_idx": 37
      },
      {
        "param_id": 100140212,
        "is_pop": 1,
        "is_rare": 0,
        "piece": 0,
        "enemy_drop_list": [
          {
            "drop_list": [
              {
                "type": 8,
                "id": 101001002,
                "quantity": 1,
                "place": 0
              }
            ],
            "coin": 7,
            "mana": 5
          }
        ],
        "enemy_idx": 38
      },
      {
        "param_id": 100140212,
        "is_pop": 1,
        "is_rare": 0,
        "piece": 0,
        "enemy_drop_list": [
          {
            "drop_list": [],
            "coin": 8,
            "mana": 3
          }
        ],
        "enemy_idx": 39
      },
      {
        "param_id": 100140212,
        "is_pop": 1,
        "is_rare": 0,
        "piece": 0,
        "enemy_drop_list": [
          {
            "drop_list": [],
            "coin": 8,
            "mana": 3
          }
        ],
        "enemy_idx": 40
      },
      {
        "param_id": 100140204,
        "is_pop": 1,
        "is_rare": 0,
        "piece": 0,
        "enemy_drop_list": [
          {
            "drop_list": [],
            "coin": 8,
            "mana": 3
          }
        ],
        "enemy_idx": 41
      },
      {
        "param_id": 100140204,
        "is_pop": 1,
        "is_rare": 0,
        "piece": 0,
        "enemy_drop_list": [
          {
            "drop_list": [],
            "coin": 8,
            "mana": 4
          }
        ],
        "enemy_idx": 42
      },
      {
        "param_id": 100140208,
        "is_pop": 1,
        "is_rare": 0,
        "piece": 0,
        "enemy_drop_list": [
          {
            "drop_list": [],
            "coin": 7,
            "mana": 5
          }
        ],
        "enemy_idx": 43
      },
      {
        "param_id": 100140208,
        "is_pop": 1,
        "is_rare": 0,
        "piece": 0,
        "enemy_drop_list": [
          {
            "drop_list": [],
            "coin": 8,
            "mana": 5
          }
        ],
        "enemy_idx": 44
      },
      {
        "param_id": 100140208,
        "is_pop": 1,
        "is_rare": 0,
        "piece": 0,
        "enemy_drop_list": [
          {
            "drop_list": [],
            "coin": 7,
            "mana": 3
          }
        ],
        "enemy_idx": 45
      },
      {
        "param_id": 100140208,
        "is_pop": 1,
        "is_rare": 0,
        "piece": 0,
        "enemy_drop_list": [
          {
            "drop_list": [],
            "coin": 7,
            "mana": 3
          }
        ],
        "enemy_idx": 46
      },
      {
        "param_id": 100140208,
        "is_pop": 1,
        "is_rare": 0,
        "piece": 0,
        "enemy_drop_list": [
          {
            "drop_list": [],
            "coin": 7,
            "mana": 3
          }
        ],
        "enemy_idx": 47
      },
      {
        "param_id": 100140208,
        "is_pop": 1,
        "is_rare": 0,
        "piece": 0,
        "enemy_drop_list": [
          {
            "drop_list": [
              {
                "type": 8,
                "id": 104001031,
                "quantity": 1,
                "place": 0
              }
            ],
            "coin": 6,
            "mana": 5
          }
        ],
        "enemy_idx": 48
      },
      {
        "param_id": 100140208,
        "is_pop": 1,
        "is_rare": 0,
        "piece": 0,
        "enemy_drop_list": [
          {
            "drop_list": [
              {
                "type": 8,
                "id": 104001031,
                "quantity": 1,
                "place": 0
              }
            ],
            "coin": 6,
            "mana": 4
          }
        ],
        "enemy_idx": 49
      },
      {
        "param_id": 100140208,
        "is_pop": 1,
        "is_rare": 0,
        "piece": 0,
        "enemy_drop_list": [
          {
            "drop_list": [],
            "coin": 8,
            "mana": 5
          }
        ],
        "enemy_idx": 50
      },
      {
        "param_id": 100140209,
        "is_pop": 1,
        "is_rare": 0,
        "piece": 0,
        "enemy_drop_list": [
          {
            "drop_list": [],
            "coin": 7,
            "mana": 4
          }
        ],
        "enemy_idx": 51
      },
      {
        "param_id": 100140209,
        "is_pop": 1,
        "is_rare": 0,
        "piece": 0,
        "enemy_drop_list": [
          {
            "drop_list": [
              {
                "type": 8,
                "id": 101001002,
                "quantity": 1,
                "place": 0
              }
            ],
            "coin": 6,
            "mana": 3
          }
        ],
        "enemy_idx": 52
      },
      {
        "param_id": 100140209,
        "is_pop": 1,
        "is_rare": 0,
        "piece": 0,
        "enemy_drop_list": [
          {
            "drop_list": [],
            "coin": 7,
            "mana": 5
          }
        ],
        "enemy_idx": 53
      },
      {
        "param_id": 100140209,
        "is_pop": 1,
        "is_rare": 0,
        "piece": 0,
        "enemy_drop_list": [
          {
            "drop_list": [],
            "coin": 6,
            "mana": 4
          }
        ],
        "enemy_idx": 54
      },
      {
        "param_id": 100140211,
        "is_pop": 1,
        "is_rare": 0,
        "piece": 0,
        "enemy_drop_list": [
          {
            "drop_list": [
              {
                "type": 8,
                "id": 101001002,
                "quantity": 1,
                "place": 0
              }
            ],
            "coin": 8,
            "mana": 3
          }
        ],
        "enemy_idx": 55
      },
      {
        "param_id": 100140211,
        "is_pop": 1,
        "is_rare": 0,
        "piece": 0,
        "enemy_drop_list": [
          {
            "drop_list": [],
            "coin": 7,
            "mana": 3
          }
        ],
        "enemy_idx": 56
      },
      {
        "param_id": 100140211,
        "is_pop": 1,
        "is_rare": 0,
        "piece": 0,
        "enemy_drop_list": [
          {
            "drop_list": [],
            "coin": 6,
            "mana": 3
          }
        ],
        "enemy_idx": 57
      },
      {
        "param_id": 100140211,
        "is_pop": 1,
        "is_rare": 0,
        "piece": 0,
        "enemy_drop_list": [
          {
            "drop_list": [],
            "coin": 8,
            "mana": 5
          }
        ],
        "enemy_idx": 58
      },
      {
        "param_id": 100140215,
        "is_pop": 1,
        "is_rare": 0,
        "piece": 0,
        "enemy_drop_list": [
          {
            "drop_list": [],
            "coin": 8,
            "mana": 3
          }
        ],
        "enemy_idx": 59
      },
      {
        "param_id": 100140215,
        "is_pop": 1,
        "is_rare": 0,
        "piece": 0,
        "enemy_drop_list": [
          {
            "drop_list": [],
            "coin": 6,
            "mana": 4
          }
        ],
        "enemy_idx": 60
      },
      {
        "param_id": 100140210,
        "is_pop": 1,
        "is_rare": 0,
        "piece": 0,
        "enemy_drop_list": [
          {
            "drop_list": [],
            "coin": 8,
            "mana": 3
          }
        ],
        "enemy_idx": 61
      },
      {
        "param_id": 100140210,
        "is_pop": 1,
        "is_rare": 0,
        "piece": 0,
        "enemy_drop_list": [
          {
            "drop_list": [],
            "coin": 7,
            "mana": 3
          }
        ],
        "enemy_idx": 62
      },
      {
        "param_id": 100140210,
        "is_pop": 1,
        "is_rare": 0,
        "piece": 0,
        "enemy_drop_list": [
          {
            "drop_list": [],
            "coin": 8,
            "mana": 4
          }
        ],
        "enemy_idx": 63
      },
      {
        "param_id": 100140210,
        "is_pop": 1,
        "is_rare": 0,
        "piece": 0,
        "enemy_drop_list": [
          {
            "drop_list": [],
            "coin": 7,
            "mana": 5
          }
        ],
        "enemy_idx": 64
      },
      {
        "param_id": 100140210,
        "is_pop": 1,
        "is_rare": 0,
        "piece": 0,
        "enemy_drop_list": [
          {
            "drop_list": [
              {
                "type": 8,
                "id": 104001031,
                "quantity": 1,
                "place": 0
              }
            ],
            "coin": 8,
            "mana": 5
          }
        ],
        "enemy_idx": 65
      },
      {
        "param_id": 100140210,
        "is_pop": 1,
        "is_rare": 0,
        "piece": 0,
        "enemy_drop_list": [
          {
            "drop_list": [],
            "coin": 6,
            "mana": 5
          }
        ],
        "enemy_idx": 66
      },
      {
        "param_id": 100140210,
        "is_pop": 1,
        "is_rare": 0,
        "piece": 0,
        "enemy_drop_list": [
          {
            "drop_list": [],
            "coin": 8,
            "mana": 4
          }
        ],
        "enemy_idx": 67
      },
      {
        "param_id": 100140210,
        "is_pop": 1,
        "is_rare": 0,
        "piece": 0,
        "enemy_drop_list": [
          {
            "drop_list": [
              {
                "type": 8,
                "id": 104001031,
                "quantity": 1,
                "place": 0
              }
            ],
            "coin": 8,
            "mana": 5
          }
        ],
        "enemy_idx": 68
      }
    ],
    "grade": []
  },
  "ChestDropInfo": [],
  "EnemyDropInfo": [
    {
      "type": 8,
      "id": 104001031,
      "min": 1,
      "max": 1,
      "promise": false,
      "special": false
    },
    {
      "type": 4,
      "id": 0,
      "min": 7,
      "max": 7,
      "promise": true,
      "special": false
    },
    {
      "type": 18,
      "id": 0,
      "min": 5,
      "max": 5,
      "promise": true,
      "special": false
    }
  ]
}