{
  "id": 100160205,
  "pay_stamina_single": 11,
  "campaign_stamina_single": 5,
  "pay_stamina_multi": 2,
  "campaign_stamina_multi": 1,
  "continues": 3,
  "revives": 2,
  "name": "Defeating the Mastermind",
  "type": "Campaign",
  "area_info": [
    {
      "scene_path": "Boss/BG001_5001_00/BG001_5001_00_00",
      "area_name": "MAIN_16_0105_01"
    }
  ],
  "odds_info": {
    "area_index": 0,
    "reaction_obj_count": 0,
    "drop_obj": [],
    "enemy": [
      {
        "param_id": 100160228,
        "is_pop": 1,
        "is_rare": 0,
        "piece": 0,
        "enemy_drop_list": [
          {
            "drop_list": [
              {
                "type": 8,
                "id": 101001002,
                "quantity": 10,
                "place": 0
              },
              {
                "type": 8,
                "id": 104001021,
                "quantity": 4,
                "place": 0
              },
              {
                "type": 8,
                "id": 103001001,
                "quantity": 1,
                "place": 0
              },
              {
                "type": 8,
                "id": 202003002,
                "quantity": 3,
                "place": 0
              },
              {
                "type": 8,
                "id": 202003003,
                "quantity": 3,
                "place": 0
              }
            ],
            "coin": 7,
            "mana": 4
          }
        ],
        "enemy_idx": 0
      },
      {
        "param_id": 100160214,
        "is_pop": 1,
        "is_rare": 0,
        "piece": 0,
        "enemy_drop_list": [
          {
            "drop_list": [],
            "coin": 7,
            "mana": 4
          }
        ],
        "enemy_idx": 1
      },
      {
        "param_id": 100160214,
        "is_pop": 1,
        "is_rare": 0,
        "piece": 0,
        "enemy_drop_list": [
          {
            "drop_list": [],
            "coin": 8,
            "mana": 5
          }
        ],
        "enemy_idx": 2
      },
      {
        "param_id": 100160215,
        "is_pop": 1,
        "is_rare": 0,
        "piece": 0,
        "enemy_drop_list": [
          {
            "drop_list": [
              {
                "type": 8,
                "id": 101001002,
                "quantity": 1,
                "place": 0
              }
            ],
            "coin": 8,
            "mana": 4
          }
        ],
        "enemy_idx": 3
      },
      {
        "param_id": 100160215,
        "is_pop": 1,
        "is_rare": 0,
        "piece": 0,
        "enemy_drop_list": [
          {
            "drop_list": [],
            "coin": 7,
            "mana": 5
          }
        ],
        "enemy_idx": 4
      },
      {
        "param_id": 100160217,
        "is_pop": 1,
        "is_rare": 0,
        "piece": 0,
        "enemy_drop_list": [
          {
            "drop_list": [],
            "coin": 8,
            "mana": 4
          }
        ],
        "enemy_idx": 5
      },
      {
        "param_id": 100160217,
        "is_pop": 1,
        "is_rare": 0,
        "piece": 0,
        "enemy_drop_list": [
          {
            "drop_list": [],
            "coin": 8,
            "mana": 4
          }
        ],
        "enemy_idx": 6
      },
      {
        "param_id": 100160218,
        "is_pop": 1,
        "is_rare": 0,
        "piece": 0,
        "enemy_drop_list": [
          {
            "drop_list": [],
            "coin": 7,
            "mana": 5
          }
        ],
        "enemy_idx": 7
      },
      {
        "param_id": 100160218,
        "is_pop": 1,
        "is_rare": 0,
        "piece": 0,
        "enemy_drop_list": [
          {
            "drop_list": [],
            "coin": 7,
            "mana": 4
          }
        ],
        "enemy_idx": 8
      },
      {
        "param_id": 100160218,
        "is_pop": 1,
        "is_rare": 0,
        "piece": 0,
        "enemy_drop_list": [
          {
            "drop_list": [],
            "coin": 8,
            "mana": 5
          }
        ],
        "enemy_idx": 9
      },
      {
        "param_id": 100160218,
        "is_pop": 1,
        "is_rare": 0,
        "piece": 0,
        "enemy_drop_list": [
          {
            "drop_list": [],
            "coin": 7,
            "mana": 5
          }
        ],
        "enemy_idx": 10
      },
      {
        "param_id": 100160237,
        "is_pop": 1,
        "is_rare": 0,
        "piece": 0,
        "enemy_drop_list": [
          {
            "drop_list": [],
            "coin": 8,
            "mana": 5
          }
        ],
        "enemy_idx": 11
      },
      {
        "param_id": 100160237,
        "is_pop": 1,
        "is_rare": 0,
        "piece": 0,
        "enemy_drop_list": [
          {
            "drop_list": [],
            "coin": 7,
            "mana": 4
          }
        ],
        "enemy_idx": 12
      },
      {
        "param_id": 100160219,
        "is_pop": 1,
        "is_rare": 0,
        "piece": 0,
        "enemy_drop_list": [
          {
            "drop_list": [],
            "coin": 8,
            "mana": 5
          }
        ],
        "enemy_idx": 13
      },
      {
        "param_id": 100160219,
        "is_pop": 1,
        "is_rare": 0,
        "piece": 0,
        "enemy_drop_list": [
          {
            "drop_list": [],
            "coin": 7,
            "mana": 4
          }
        ],
        "enemy_idx": 14
      },
      {
        "param_id": 100160219,
        "is_pop": 1,
        "is_rare": 0,
        "piece": 0,
        "enemy_drop_list": [
          {
            "drop_list": [],
            "coin": 8,
            "mana": 4
          }
        ],
        "enemy_idx": 15
      },
      {
        "param_id": 100160219,
        "is_pop": 1,
        "is_rare": 0,
        "piece": 0,
        "enemy_drop_list": [
          {
            "drop_list": [
              {
                "type": 8,
                "id": 104001021,
                "quantity": 1,
                "place": 0
              }
            ],
            "coin": 7,
            "mana": 5
          }
        ],
        "enemy_idx": 16
      },
      {
        "param_id": 100160237,
        "is_pop": 1,
        "is_rare": 0,
        "piece": 0,
        "enemy_drop_list": [
          {
            "drop_list": [],
            "coin": 7,
            "mana": 5
          }
        ],
        "enemy_idx": 17
      },
      {
        "param_id": 100160237,
        "is_pop": 1,
        "is_rare": 0,
        "piece": 0,
        "enemy_drop_list": [
          {
            "drop_list": [],
            "coin": 7,
            "mana": 5
          }
        ],
        "enemy_idx": 18
      },
      {
        "param_id": 100160220,
        "is_pop": 1,
        "is_rare": 0,
        "piece": 0,
        "enemy_drop_list": [
          {
            "drop_list": [],
            "coin": 8,
            "mana": 4
          }
        ],
        "enemy_idx": 19
      },
      {
        "param_id": 100160221,
        "is_pop": 1,
        "is_rare": 0,
        "piece": 0,
        "enemy_drop_list": [
          {
            "drop_list": [],
            "coin": 8,
            "mana": 4
          }
        ],
        "enemy_idx": 20
      },
      {
        "param_id": 100160220,
        "is_pop": 1,
        "is_rare": 0,
        "piece": 0,
        "enemy_drop_list": [
          {
            "drop_list": [],
            "coin": 7,
            "mana": 5
          }
        ],
        "enemy_idx": 21
      },
      {
        "param_id": 100160221,
        "is_pop": 1,
        "is_rare": 0,
        "piece": 0,
        "enemy_drop_list": [
          {
            "drop_list": [],
            "coin": 8,
            "mana": 5
          }
        ],
        "enemy_idx": 22
      }
    ],
    "grade": []
  },
  "ChestDropInfo": [],
  "EnemyDropInfo": [
    {
      "type": 8,
      "id": 101001002,
      "min": 10,
      "max": 10,
      "promise": false,
      "special": false
    },
    {
      "type": 8,
      "id": 104001021,
      "min": 4,
      "max": 4,
      "promise": false,
      "special": false
    },
    {
      "type": 8,
      "id": 103001001,
      "min": 1,
      "max": 1,
      "promise": false,
      "special": false
    },
    {
      "type": 8,
      "id": 202003002,
      "min": 3,
      "max": 3,
      "promise": false,
      "special": false
    },
    {
      "type": 8,
      "id": 202003003,
      "min": 3,
      "max": 3,
      "promise": false,
      "special": false
    },
    {
      "type": 4,
      "id": 0,
      "min": 7,
      "max": 7,
      "promise": true,
      "special": false
    },
    {
      "type": 18,
      "id": 0,
      "min": 4,
      "max": 4,
      "promise": true,
      "special": false
    }
  ]
}