{
  "id": 100120351,
  "variation": 3,
  "pay_stamina_single": 12,
  "campaign_stamina_single": 6,
  "pay_stamina_multi": 2,
  "campaign_stamina_multi": 1,
  "continues": 3,
  "revives": 1,
  "name": "Perplexity",
  "type": 1,
  "area_info": [
    {
      "scene_path": "Main/12/MAIN_12_0108_01",
      "area_name": "MAIN_12_0108_01"
    },
    {
      "scene_path": "Main/12/MAIN_12_0108_02",
      "area_name": "MAIN_12_0108_02"
    },
    {
      "scene_path": "Main/12/MAIN_12_0108_03",
      "area_name": "MAIN_12_0108_03"
    },
    {
      "scene_path": "Boss/BG012_5001_00/BG012_5001_00_00",
      "area_name": "MAIN_12_0108_04"
    }
  ],
  "odds_info": {
    "area_index": 0,
    "reaction_obj_count": 16,
    "drop_obj": [],
    "enemy": [],
    "grade": []
  },
  "ChestDropInfo": [],
  "EnemyDropInfo": [
    {
      "type": 4,
      "id": 0,
      "min": 6,
      "max": 6,
      "promise": true,
      "special": false
    },
    {
      "type": 18,
      "id": 0,
      "min": 4,
      "max": 4,
      "promise": true,
      "special": false
    }
  ]
}