{
  "id": 100150252,
  "pay_stamina_single": 12,
  "campaign_stamina_single": 6,
  "pay_stamina_multi": 2,
  "campaign_stamina_multi": 1,
  "continues": 0,
  "revives": 2,
  "name": "???",
  "type": "Campaign",
  "area_info": [
    {
      "scene_path": "Boss/BG022_5001_00/BG022_5001_00_00",
      "area_name": "MAIN_15_0108_01"
    }
  ],
  "odds_info": {
    "area_index": 0,
    "reaction_obj_count": 0,
    "drop_obj": [],
    "enemy": [
      {
        "param_id": 100150229,
        "is_pop": 1,
        "is_rare": 0,
        "piece": 0,
        "enemy_drop_list": [
          {
            "drop_list": [
              {
                "type": 8,
                "id": 104001041,
                "quantity": 4,
                "place": 0
              },
              {
                "type": 8,
                "id": 104001041,
                "quantity": 4,
                "place": 0
              },
              {
                "type": 8,
                "id": 104001042,
                "quantity": 1,
                "place": 0
              },
              {
                "type": 8,
                "id": 103001001,
                "quantity": 1,
                "place": 0
              },
              {
                "type": 8,
                "id": 202003002,
                "quantity": 2,
                "place": 0
              },
              {
                "type": 8,
                "id": 202003003,
                "quantity": 2,
                "place": 0
              },
              {
                "type": 8,
                "id": 202004003,
                "quantity": 1,
                "place": 0
              },
              {
                "type": 39,
                "id": 40040020,
                "quantity": 1,
                "place": 0
              },
              {
                "type": 39,
                "id": 40050007,
                "quantity": 1,
                "place": 0
              }
            ],
            "coin": 8,
            "mana": 5
          }
        ],
        "enemy_idx": 0
      },
      {
        "param_id": 100150230,
        "is_pop": 1,
        "is_rare": 0,
        "piece": 0,
        "enemy_drop_list": [
          {
            "drop_list": [],
            "coin": 8,
            "mana": 5
          }
        ],
        "enemy_idx": 1
      },
      {
        "param_id": 100150231,
        "is_pop": 1,
        "is_rare": 0,
        "piece": 0,
        "enemy_drop_list": [
          {
            "drop_list": [],
            "coin": 8,
            "mana": 5
          }
        ],
        "enemy_idx": 2
      },
      {
        "param_id": 100150231,
        "is_pop": 1,
        "is_rare": 0,
        "piece": 0,
        "enemy_drop_list": [
          {
            "drop_list": [],
            "coin": 8,
            "mana": 5
          }
        ],
        "enemy_idx": 3
      },
      {
        "param_id": 100150231,
        "is_pop": 1,
        "is_rare": 0,
        "piece": 0,
        "enemy_drop_list": [
          {
            "drop_list": [],
            "coin": 7,
            "mana": 4
          }
        ],
        "enemy_idx": 4
      },
      {
        "param_id": 100150231,
        "is_pop": 1,
        "is_rare": 0,
        "piece": 0,
        "enemy_drop_list": [
          {
            "drop_list": [],
            "coin": 8,
            "mana": 4
          }
        ],
        "enemy_idx": 5
      },
      {
        "param_id": 100150231,
        "is_pop": 1,
        "is_rare": 0,
        "piece": 0,
        "enemy_drop_list": [
          {
            "drop_list": [],
            "coin": 8,
            "mana": 5
          }
        ],
        "enemy_idx": 6
      },
      {
        "param_id": 100150231,
        "is_pop": 1,
        "is_rare": 0,
        "piece": 0,
        "enemy_drop_list": [
          {
            "drop_list": [],
            "coin": 7,
            "mana": 4
          }
        ],
        "enemy_idx": 7
      },
      {
        "param_id": 100150231,
        "is_pop": 1,
        "is_rare": 0,
        "piece": 0,
        "enemy_drop_list": [
          {
            "drop_list": [],
            "coin": 7,
            "mana": 5
          }
        ],
        "enemy_idx": 8
      },
      {
        "param_id": 100150231,
        "is_pop": 1,
        "is_rare": 0,
        "piece": 0,
        "enemy_drop_list": [
          {
            "drop_list": [],
            "coin": 7,
            "mana": 4
          }
        ],
        "enemy_idx": 9
      },
      {
        "param_id": 100150231,
        "is_pop": 1,
        "is_rare": 0,
        "piece": 0,
        "enemy_drop_list": [
          {
            "drop_list": [],
            "coin": 7,
            "mana": 5
          }
        ],
        "enemy_idx": 10
      },
      {
        "param_id": 100150231,
        "is_pop": 1,
        "is_rare": 0,
        "piece": 0,
        "enemy_drop_list": [
          {
            "drop_list": [],
            "coin": 7,
            "mana": 4
          }
        ],
        "enemy_idx": 11
      },
      {
        "param_id": 100150231,
        "is_pop": 1,
        "is_rare": 0,
        "piece": 0,
        "enemy_drop_list": [
          {
            "drop_list": [],
            "coin": 7,
            "mana": 4
          }
        ],
        "enemy_idx": 12
      },
      {
        "param_id": 100150231,
        "is_pop": 1,
        "is_rare": 0,
        "piece": 0,
        "enemy_drop_list": [
          {
            "drop_list": [],
            "coin": 8,
            "mana": 5
          }
        ],
        "enemy_idx": 13
      },
      {
        "param_id": 100150231,
        "is_pop": 1,
        "is_rare": 0,
        "piece": 0,
        "enemy_drop_list": [
          {
            "drop_list": [],
            "coin": 8,
            "mana": 4
          }
        ],
        "enemy_idx": 14
      },
      {
        "param_id": 100150231,
        "is_pop": 1,
        "is_rare": 0,
        "piece": 0,
        "enemy_drop_list": [
          {
            "drop_list": [],
            "coin": 7,
            "mana": 4
          }
        ],
        "enemy_idx": 15
      },
      {
        "param_id": 100150231,
        "is_pop": 1,
        "is_rare": 0,
        "piece": 0,
        "enemy_drop_list": [
          {
            "drop_list": [],
            "coin": 8,
            "mana": 5
          }
        ],
        "enemy_idx": 16
      },
      {
        "param_id": 100150231,
        "is_pop": 1,
        "is_rare": 0,
        "piece": 0,
        "enemy_drop_list": [
          {
            "drop_list": [],
            "coin": 7,
            "mana": 5
          }
        ],
        "enemy_idx": 17
      },
      {
        "param_id": 100150231,
        "is_pop": 1,
        "is_rare": 0,
        "piece": 0,
        "enemy_drop_list": [
          {
            "drop_list": [],
            "coin": 7,
            "mana": 4
          }
        ],
        "enemy_idx": 18
      },
      {
        "param_id": 100150231,
        "is_pop": 1,
        "is_rare": 0,
        "piece": 0,
        "enemy_drop_list": [
          {
            "drop_list": [
              {
                "type": 8,
                "id": 101001002,
                "quantity": 1,
                "place": 0
              }
            ],
            "coin": 7,
            "mana": 5
          }
        ],
        "enemy_idx": 19
      },
      {
        "param_id": 100150231,
        "is_pop": 1,
        "is_rare": 0,
        "piece": 0,
        "enemy_drop_list": [
          {
            "drop_list": [],
            "coin": 7,
            "mana": 5
          }
        ],
        "enemy_idx": 20
      },
      {
        "param_id": 100150231,
        "is_pop": 1,
        "is_rare": 0,
        "piece": 0,
        "enemy_drop_list": [
          {
            "drop_list": [
              {
                "type": 8,
                "id": 104001041,
                "quantity": 1,
                "place": 0
              }
            ],
            "coin": 7,
            "mana": 4
          }
        ],
        "enemy_idx": 21
      },
      {
        "param_id": 100150231,
        "is_pop": 1,
        "is_rare": 0,
        "piece": 0,
        "enemy_drop_list": [
          {
            "drop_list": [],
            "coin": 7,
            "mana": 5
          }
        ],
        "enemy_idx": 22
      },
      {
        "param_id": 100150231,
        "is_pop": 1,
        "is_rare": 0,
        "piece": 0,
        "enemy_drop_list": [
          {
            "drop_list": [
              {
                "type": 8,
                "id": 101001002,
                "quantity": 1,
                "place": 0
              }
            ],
            "coin": 7,
            "mana": 5
          }
        ],
        "enemy_idx": 23
      },
      {
        "param_id": 100150231,
        "is_pop": 1,
        "is_rare": 0,
        "piece": 0,
        "enemy_drop_list": [
          {
            "drop_list": [],
            "coin": 8,
            "mana": 5
          }
        ],
        "enemy_idx": 24
      },
      {
        "param_id": 100150231,
        "is_pop": 1,
        "is_rare": 0,
        "piece": 0,
        "enemy_drop_list": [
          {
            "drop_list": [],
            "coin": 8,
            "mana": 5
          }
        ],
        "enemy_idx": 25
      },
      {
        "param_id": 100150231,
        "is_pop": 1,
        "is_rare": 0,
        "piece": 0,
        "enemy_drop_list": [
          {
            "drop_list": [],
            "coin": 8,
            "mana": 5
          }
        ],
        "enemy_idx": 26
      },
      {
        "param_id": 100150231,
        "is_pop": 1,
        "is_rare": 0,
        "piece": 0,
        "enemy_drop_list": [
          {
            "drop_list": [
              {
                "type": 8,
                "id": 101001002,
                "quantity": 1,
                "place": 0
              }
            ],
            "coin": 8,
            "mana": 4
          }
        ],
        "enemy_idx": 27
      },
      {
        "param_id": 100150231,
        "is_pop": 1,
        "is_rare": 0,
        "piece": 0,
        "enemy_drop_list": [
          {
            "drop_list": [],
            "coin": 8,
            "mana": 5
          }
        ],
        "enemy_idx": 28
      },
      {
        "param_id": 100150231,
        "is_pop": 1,
        "is_rare": 0,
        "piece": 0,
        "enemy_drop_list": [
          {
            "drop_list": [],
            "coin": 7,
            "mana": 4
          }
        ],
        "enemy_idx": 29
      },
      {
        "param_id": 100150231,
        "is_pop": 1,
        "is_rare": 0,
        "piece": 0,
        "enemy_drop_list": [
          {
            "drop_list": [],
            "coin": 8,
            "mana": 5
          }
        ],
        "enemy_idx": 30
      },
      {
        "param_id": 100150231,
        "is_pop": 1,
        "is_rare": 0,
        "piece": 0,
        "enemy_drop_list": [
          {
            "drop_list": [],
            "coin": 7,
            "mana": 5
          }
        ],
        "enemy_idx": 31
      }
    ],
    "grade": []
  },
  "ChestDropInfo": [],
  "EnemyDropInfo": [
    {
      "type": 8,
      "id": 104001041,
      "min": 4,
      "max": 8,
      "promise": false,
      "special": false
    },
    {
      "type": 8,
      "id": 104001042,
      "min": 1,
      "max": 1,
      "promise": false,
      "special": false
    },
    {
      "type": 8,
      "id": 103001001,
      "min": 1,
      "max": 1,
      "promise": false,
      "special": false
    },
    {
      "type": 8,
      "id": 202003002,
      "min": 2,
      "max": 2,
      "promise": false,
      "special": false
    },
    {
      "type": 8,
      "id": 202003003,
      "min": 2,
      "max": 2,
      "promise": false,
      "special": false
    },
    {
      "type": 8,
      "id": 202004003,
      "min": 1,
      "max": 1,
      "promise": false,
      "special": false
    },
    {
      "type": 4,
      "id": 0,
      "min": 8,
      "max": 8,
      "promise": true,
      "special": false
    },
    {
      "type": 18,
      "id": 0,
      "min": 5,
      "max": 5,
      "promise": true,
      "special": false
    }
  ]
}