{
  "id": 100110306,
  "pay_stamina_single": 11,
  "campaign_stamina_single": 5,
  "pay_stamina_multi": 2,
  "campaign_stamina_multi": 1,
  "continues": 3,
  "revives": 1,
  "name": "Twilight Chase",
  "type": "Campaign",
  "area_info": [
    {
      "scene_path": "Main/11/MAIN_11_0106_01",
      "area_name": "MAIN_11_0106_01"
    },
    {
      "scene_path": "Boss/BG038_5001_00/BG038_5001_00_00",
      "area_name": "MAIN_11_0106_02"
    }
  ],
  "odds_info": {
    "area_index": 0,
    "reaction_obj_count": 0,
    "drop_obj": [
      {
        "drop_list": [
          {
            "type": 8,
            "id": 101001002,
            "quantity": 10,
            "place": 0
          },
          {
            "type": 8,
            "id": 103001001,
            "quantity": 1,
            "place": 0
          }
        ],
        "obj_id": 2,
        "obj_type": 1,
        "is_rare": 0
      },
      {
        "drop_list": [
          {
            "type": 4,
            "id": 0,
            "quantity": 340,
            "place": 0
          },
          {
            "type": 8,
            "id": 104001012,
            "quantity": 1,
            "place": 0
          },
          {
            "type": 8,
            "id": 103001001,
            "quantity": 1,
            "place": 0
          }
        ],
        "obj_id": 3,
        "obj_type": 1,
        "is_rare": 0
      }
    ],
    "enemy": [
      {
        "param_id": 100110307,
        "is_pop": 1,
        "is_rare": 0,
        "piece": 0,
        "enemy_drop_list": [
          {
            "drop_list": [],
            "coin": 7,
            "mana": 4
          }
        ],
        "enemy_idx": 0
      },
      {
        "param_id": 100110307,
        "is_pop": 1,
        "is_rare": 0,
        "piece": 0,
        "enemy_drop_list": [
          {
            "drop_list": [
              {
                "type": 8,
                "id": 101001002,
                "quantity": 1,
                "place": 0
              }
            ],
            "coin": 7,
            "mana": 4
          }
        ],
        "enemy_idx": 1
      },
      {
        "param_id": 100110307,
        "is_pop": 1,
        "is_rare": 0,
        "piece": 0,
        "enemy_drop_list": [
          {
            "drop_list": [],
            "coin": 7,
            "mana": 4
          }
        ],
        "enemy_idx": 2
      },
      {
        "param_id": 100110307,
        "is_pop": 1,
        "is_rare": 0,
        "piece": 0,
        "enemy_drop_list": [
          {
            "drop_list": [],
            "coin": 5,
            "mana": 3
          }
        ],
        "enemy_idx": 3
      },
      {
        "param_id": 100110323,
        "is_pop": 1,
        "is_rare": 0,
        "piece": 0,
        "enemy_drop_list": [
          {
            "drop_list": [],
            "coin": 7,
            "mana": 3
          }
        ],
        "enemy_idx": 4
      },
      {
        "param_id": 100110323,
        "is_pop": 1,
        "is_rare": 0,
        "piece": 0,
        "enemy_drop_list": [
          {
            "drop_list": [],
            "coin": 6,
            "mana": 4
          }
        ],
        "enemy_idx": 5
      },
      {
        "param_id": 100110321,
        "is_pop": 1,
        "is_rare": 0,
        "piece": 0,
        "enemy_drop_list": [
          {
            "drop_list": [],
            "coin": 6,
            "mana": 3
          }
        ],
        "enemy_idx": 6
      },
      {
        "param_id": 100110321,
        "is_pop": 1,
        "is_rare": 0,
        "piece": 0,
        "enemy_drop_list": [
          {
            "drop_list": [],
            "coin": 5,
            "mana": 4
          }
        ],
        "enemy_idx": 7
      },
      {
        "param_id": 100110308,
        "is_pop": 1,
        "is_rare": 0,
        "piece": 0,
        "enemy_drop_list": [
          {
            "drop_list": [],
            "coin": 6,
            "mana": 4
          }
        ],
        "enemy_idx": 8
      },
      {
        "param_id": 100110307,
        "is_pop": 1,
        "is_rare": 0,
        "piece": 0,
        "enemy_drop_list": [
          {
            "drop_list": [],
            "coin": 7,
            "mana": 3
          }
        ],
        "enemy_idx": 9
      },
      {
        "param_id": 100110307,
        "is_pop": 1,
        "is_rare": 0,
        "piece": 0,
        "enemy_drop_list": [
          {
            "drop_list": [],
            "coin": 6,
            "mana": 4
          }
        ],
        "enemy_idx": 10
      },
      {
        "param_id": 100110301,
        "is_pop": 1,
        "is_rare": 0,
        "piece": 0,
        "enemy_drop_list": [
          {
            "drop_list": [],
            "coin": 5,
            "mana": 4
          }
        ],
        "enemy_idx": 11
      },
      {
        "param_id": 100110301,
        "is_pop": 1,
        "is_rare": 0,
        "piece": 0,
        "enemy_drop_list": [
          {
            "drop_list": [
              {
                "type": 8,
                "id": 101001002,
                "quantity": 1,
                "place": 0
              }
            ],
            "coin": 7,
            "mana": 3
          }
        ],
        "enemy_idx": 12
      },
      {
        "param_id": 100110301,
        "is_pop": 1,
        "is_rare": 0,
        "piece": 0,
        "enemy_drop_list": [
          {
            "drop_list": [],
            "coin": 7,
            "mana": 4
          }
        ],
        "enemy_idx": 13
      },
      {
        "param_id": 100110322,
        "is_pop": 1,
        "is_rare": 0,
        "piece": 0,
        "enemy_drop_list": [
          {
            "drop_list": [],
            "coin": 5,
            "mana": 4
          }
        ],
        "enemy_idx": 14
      },
      {
        "param_id": 100110322,
        "is_pop": 1,
        "is_rare": 0,
        "piece": 0,
        "enemy_drop_list": [
          {
            "drop_list": [],
            "coin": 5,
            "mana": 4
          }
        ],
        "enemy_idx": 15
      },
      {
        "param_id": 100110323,
        "is_pop": 1,
        "is_rare": 0,
        "piece": 0,
        "enemy_drop_list": [
          {
            "drop_list": [],
            "coin": 5,
            "mana": 4
          }
        ],
        "enemy_idx": 16
      },
      {
        "param_id": 100110308,
        "is_pop": 1,
        "is_rare": 0,
        "piece": 0,
        "enemy_drop_list": [
          {
            "drop_list": [],
            "coin": 5,
            "mana": 3
          }
        ],
        "enemy_idx": 17
      },
      {
        "param_id": 100110323,
        "is_pop": 1,
        "is_rare": 0,
        "piece": 0,
        "enemy_drop_list": [
          {
            "drop_list": [
              {
                "type": 8,
                "id": 104001011,
                "quantity": 1,
                "place": 0
              }
            ],
            "coin": 7,
            "mana": 4
          }
        ],
        "enemy_idx": 18
      },
      {
        "param_id": 100110307,
        "is_pop": 1,
        "is_rare": 0,
        "piece": 0,
        "enemy_drop_list": [
          {
            "drop_list": [],
            "coin": 5,
            "mana": 3
          }
        ],
        "enemy_idx": 19
      },
      {
        "param_id": 100110309,
        "is_pop": 1,
        "is_rare": 0,
        "piece": 0,
        "enemy_drop_list": [
          {
            "drop_list": [],
            "coin": 5,
            "mana": 3
          }
        ],
        "enemy_idx": 20
      },
      {
        "param_id": 100110321,
        "is_pop": 1,
        "is_rare": 0,
        "piece": 0,
        "enemy_drop_list": [
          {
            "drop_list": [],
            "coin": 6,
            "mana": 3
          }
        ],
        "enemy_idx": 21
      },
      {
        "param_id": 100110305,
        "is_pop": 1,
        "is_rare": 0,
        "piece": 0,
        "enemy_drop_list": [
          {
            "drop_list": [],
            "coin": 5,
            "mana": 4
          }
        ],
        "enemy_idx": 22
      },
      {
        "param_id": 100110323,
        "is_pop": 1,
        "is_rare": 0,
        "piece": 0,
        "enemy_drop_list": [
          {
            "drop_list": [],
            "coin": 5,
            "mana": 3
          }
        ],
        "enemy_idx": 23
      },
      {
        "param_id": 100110323,
        "is_pop": 1,
        "is_rare": 0,
        "piece": 0,
        "enemy_drop_list": [
          {
            "drop_list": [],
            "coin": 5,
            "mana": 3
          }
        ],
        "enemy_idx": 24
      },
      {
        "param_id": 100110308,
        "is_pop": 1,
        "is_rare": 0,
        "piece": 0,
        "enemy_drop_list": [
          {
            "drop_list": [],
            "coin": 6,
            "mana": 4
          }
        ],
        "enemy_idx": 25
      },
      {
        "param_id": 100110308,
        "is_pop": 1,
        "is_rare": 0,
        "piece": 0,
        "enemy_drop_list": [
          {
            "drop_list": [],
            "coin": 6,
            "mana": 3
          }
        ],
        "enemy_idx": 26
      },
      {
        "param_id": 100110308,
        "is_pop": 1,
        "is_rare": 0,
        "piece": 0,
        "enemy_drop_list": [
          {
            "drop_list": [],
            "coin": 7,
            "mana": 3
          }
        ],
        "enemy_idx": 27
      },
      {
        "param_id": 100110307,
        "is_pop": 1,
        "is_rare": 0,
        "piece": 0,
        "enemy_drop_list": [
          {
            "drop_list": [],
            "coin": 5,
            "mana": 4
          }
        ],
        "enemy_idx": 28
      },
      {
        "param_id": 100110307,
        "is_pop": 1,
        "is_rare": 0,
        "piece": 0,
        "enemy_drop_list": [
          {
            "drop_list": [],
            "coin": 5,
            "mana": 3
          }
        ],
        "enemy_idx": 29
      },
      {
        "param_id": 100110318,
        "is_pop": 1,
        "is_rare": 0,
        "piece": 0,
        "enemy_drop_list": [
          {
            "drop_list": [],
            "coin": 5,
            "mana": 3
          }
        ],
        "enemy_idx": 30
      },
      {
        "param_id": 100110318,
        "is_pop": 1,
        "is_rare": 0,
        "piece": 0,
        "enemy_drop_list": [
          {
            "drop_list": [],
            "coin": 6,
            "mana": 3
          }
        ],
        "enemy_idx": 31
      },
      {
        "param_id": 100110321,
        "is_pop": 1,
        "is_rare": 0,
        "piece": 0,
        "enemy_drop_list": [
          {
            "drop_list": [],
            "coin": 7,
            "mana": 3
          }
        ],
        "enemy_idx": 32
      },
      {
        "param_id": 100110321,
        "is_pop": 1,
        "is_rare": 0,
        "piece": 0,
        "enemy_drop_list": [
          {
            "drop_list": [],
            "coin": 5,
            "mana": 4
          }
        ],
        "enemy_idx": 33
      },
      {
        "param_id": 100110309,
        "is_pop": 1,
        "is_rare": 0,
        "piece": 0,
        "enemy_drop_list": [
          {
            "drop_list": [],
            "coin": 6,
            "mana": 4
          }
        ],
        "enemy_idx": 34
      },
      {
        "param_id": 100110309,
        "is_pop": 1,
        "is_rare": 0,
        "piece": 0,
        "enemy_drop_list": [
          {
            "drop_list": [],
            "coin": 6,
            "mana": 4
          }
        ],
        "enemy_idx": 35
      },
      {
        "param_id": 100110326,
        "is_pop": 1,
        "is_rare": 0,
        "piece": 0,
        "enemy_drop_list": [
          {
            "drop_list": [
              {
                "type": 8,
                "id": 104001011,
                "quantity": 4,
                "place": 0
              },
              {
                "type": 8,
                "id": 104001012,
                "quantity": 1,
                "place": 0
              },
              {
                "type": 8,
                "id": 103001001,
                "quantity": 1,
                "place": 0
              },
              {
                "type": 8,
                "id": 202002002,
                "quantity": 2,
                "place": 0
              },
              {
                "type": 8,
                "id": 202002003,
                "quantity": 2,
                "place": 0
              },
              {
                "type": 8,
                "id": 202004003,
                "quantity": 1,
                "place": 0
              }
            ],
            "coin": 6,
            "mana": 3
          }
        ],
        "enemy_idx": 36
      },
      {
        "param_id": 100110308,
        "is_pop": 1,
        "is_rare": 0,
        "piece": 0,
        "enemy_drop_list": [
          {
            "drop_list": [],
            "coin": 7,
            "mana": 3
          }
        ],
        "enemy_idx": 37
      },
      {
        "param_id": 100110308,
        "is_pop": 1,
        "is_rare": 0,
        "piece": 0,
        "enemy_drop_list": [
          {
            "drop_list": [
              {
                "type": 8,
                "id": 101001002,
                "quantity": 1,
                "place": 0
              }
            ],
            "coin": 7,
            "mana": 3
          }
        ],
        "enemy_idx": 38
      },
      {
        "param_id": 100110308,
        "is_pop": 1,
        "is_rare": 0,
        "piece": 0,
        "enemy_drop_list": [
          {
            "drop_list": [
              {
                "type": 8,
                "id": 101001002,
                "quantity": 1,
                "place": 0
              }
            ],
            "coin": 5,
            "mana": 4
          }
        ],
        "enemy_idx": 39
      },
      {
        "param_id": 100110309,
        "is_pop": 1,
        "is_rare": 0,
        "piece": 0,
        "enemy_drop_list": [
          {
            "drop_list": [],
            "coin": 6,
            "mana": 3
          }
        ],
        "enemy_idx": 40
      },
      {
        "param_id": 100110309,
        "is_pop": 1,
        "is_rare": 0,
        "piece": 0,
        "enemy_drop_list": [
          {
            "drop_list": [],
            "coin": 5,
            "mana": 3
          }
        ],
        "enemy_idx": 41
      },
      {
        "param_id": 100110323,
        "is_pop": 1,
        "is_rare": 0,
        "piece": 0,
        "enemy_drop_list": [
          {
            "drop_list": [],
            "coin": 5,
            "mana": 4
          }
        ],
        "enemy_idx": 42
      },
      {
        "param_id": 100110323,
        "is_pop": 1,
        "is_rare": 0,
        "piece": 0,
        "enemy_drop_list": [
          {
            "drop_list": [],
            "coin": 6,
            "mana": 3
          }
        ],
        "enemy_idx": 43
      },
      {
        "param_id": 100110307,
        "is_pop": 1,
        "is_rare": 0,
        "piece": 0,
        "enemy_drop_list": [
          {
            "drop_list": [],
            "coin": 7,
            "mana": 4
          }
        ],
        "enemy_idx": 44
      },
      {
        "param_id": 100110319,
        "is_pop": 1,
        "is_rare": 0,
        "piece": 0,
        "enemy_drop_list": [
          {
            "drop_list": [],
            "coin": 5,
            "mana": 3
          }
        ],
        "enemy_idx": 45
      },
      {
        "param_id": 100110321,
        "is_pop": 1,
        "is_rare": 0,
        "piece": 0,
        "enemy_drop_list": [
          {
            "drop_list": [],
            "coin": 7,
            "mana": 4
          }
        ],
        "enemy_idx": 46
      },
      {
        "param_id": 100110303,
        "is_pop": 1,
        "is_rare": 0,
        "piece": 0,
        "enemy_drop_list": [
          {
            "drop_list": [],
            "coin": 6,
            "mana": 4
          }
        ],
        "enemy_idx": 47
      },
      {
        "param_id": 100110303,
        "is_pop": 1,
        "is_rare": 0,
        "piece": 0,
        "enemy_drop_list": [
          {
            "drop_list": [],
            "coin": 5,
            "mana": 3
          }
        ],
        "enemy_idx": 48
      },
      {
        "param_id": 100110303,
        "is_pop": 1,
        "is_rare": 0,
        "piece": 0,
        "enemy_drop_list": [
          {
            "drop_list": [],
            "coin": 6,
            "mana": 4
          }
        ],
        "enemy_idx": 49
      },
      {
        "param_id": 100110309,
        "is_pop": 1,
        "is_rare": 0,
        "piece": 0,
        "enemy_drop_list": [
          {
            "drop_list": [],
            "coin": 5,
            "mana": 4
          }
        ],
        "enemy_idx": 50
      },
      {
        "param_id": 100110309,
        "is_pop": 1,
        "is_rare": 0,
        "piece": 0,
        "enemy_drop_list": [
          {
            "drop_list": [],
            "coin": 7,
            "mana": 4
          }
        ],
        "enemy_idx": 51
      },
      {
        "param_id": 100110301,
        "is_pop": 0,
        "is_rare": 0,
        "piece": 0,
        "enemy_drop_list": [],
        "enemy_idx": 52
      }
    ],
    "grade": []
  },
  "ChestDropInfo": [
    {
      "type": 8,
      "id": 101001002,
      "min": 10,
      "max": 10,
      "promise": true,
      "special": false
    },
    {
      "type": 8,
      "id": 103001001,
      "min": 1,
      "max": 2,
      "promise": true,
      "special": false
    },
    {
      "type": 4,
      "id": 0,
      "min": 340,
      "max": 340,
      "promise": true,
      "special": false
    },
    {
      "type": 8,
      "id": 104001012,
      "min": 1,
      "max": 1,
      "promise": true,
      "special": false
    }
  ],
  "EnemyDropInfo": [
    {
      "type": 4,
      "id": 0,
      "min": 7,
      "max": 7,
      "promise": true,
      "special": false
    },
    {
      "type": 18,
      "id": 0,
      "min": 4,
      "max": 4,
      "promise": true,
      "special": false
    }
  ]
}