{
  "id": 100110152,
  "pay_stamina_single": 6,
  "campaign_stamina_single": 3,
  "pay_stamina_multi": 1,
  "campaign_stamina_multi": 1,
  "continues": 0,
  "revives": 3,
  "name": "???",
  "type": "Campaign",
  "area_info": [
    {
      "scene_path": "Boss/BG036_5002_00/BG036_5002_00_00",
      "area_name": "MAIN_11_0109_01"
    }
  ],
  "odds_info": {
    "area_index": 0,
    "reaction_obj_count": 0,
    "drop_obj": [],
    "enemy": [
      {
        "param_id": 100110135,
        "is_pop": 1,
        "is_rare": 0,
        "piece": 0,
        "enemy_drop_list": [
          {
            "drop_list": [
              {
                "type": 8,
                "id": 101001002,
                "quantity": 5,
                "place": 0
              },
              {
                "type": 4,
                "id": 0,
                "quantity": 130,
                "place": 0
              },
              {
                "type": 8,
                "id": 103001001,
                "quantity": 1,
                "place": 0
              },
              {
                "type": 8,
                "id": 202002001,
                "quantity": 2,
                "place": 0
              },
              {
                "type": 8,
                "id": 202002002,
                "quantity": 3,
                "place": 0
              }
            ],
            "coin": 5,
            "mana": 3
          }
        ],
        "enemy_idx": 0
      },
      {
        "param_id": 100110136,
        "is_pop": 1,
        "is_rare": 0,
        "piece": 0,
        "enemy_drop_list": [
          {
            "drop_list": [],
            "coin": 5,
            "mana": 2
          }
        ],
        "enemy_idx": 1
      }
    ],
    "grade": []
  },
  "ChestDropInfo": [],
  "EnemyDropInfo": [
    {
      "type": 8,
      "id": 101001002,
      "min": 5,
      "max": 5,
      "promise": false,
      "special": false
    },
    {
      "type": 4,
      "id": 0,
      "min": 130,
      "max": 135,
      "promise": false,
      "special": false
    },
    {
      "type": 8,
      "id": 103001001,
      "min": 1,
      "max": 1,
      "promise": false,
      "special": false
    },
    {
      "type": 8,
      "id": 202002001,
      "min": 2,
      "max": 2,
      "promise": false,
      "special": false
    },
    {
      "type": 8,
      "id": 202002002,
      "min": 3,
      "max": 3,
      "promise": false,
      "special": false
    },
    {
      "type": 18,
      "id": 0,
      "min": 3,
      "max": 3,
      "promise": true,
      "special": false
    }
  ]
}