{
  "id": 100130302,
  "pay_stamina_single": 11,
  "campaign_stamina_single": 5,
  "pay_stamina_multi": 2,
  "campaign_stamina_multi": 1,
  "continues": 3,
  "revives": 1,
  "name": "Attacked on the Shore",
  "type": "Campaign",
  "area_info": [
    {
      "scene_path": "Boss/BG006_5001_00/BG006_5001_00_00",
      "area_name": "MAIN_13_0110_01"
    }
  ],
  "odds_info": {
    "area_index": 0,
    "reaction_obj_count": 0,
    "drop_obj": [],
    "enemy": [
      {
        "param_id": 100130318,
        "is_pop": 1,
        "is_rare": 0,
        "piece": 0,
        "enemy_drop_list": [
          {
            "drop_list": [
              {
                "type": 8,
                "id": 101001002,
                "quantity": 1,
                "place": 0
              },
              {
                "type": 4,
                "id": 0,
                "quantity": 340,
                "place": 0
              },
              {
                "type": 8,
                "id": 104001021,
                "quantity": 4,
                "place": 0
              },
              {
                "type": 8,
                "id": 104001023,
                "quantity": 1,
                "place": 0
              },
              {
                "type": 8,
                "id": 103001001,
                "quantity": 1,
                "place": 0
              },
              {
                "type": 8,
                "id": 202003002,
                "quantity": 2,
                "place": 0
              },
              {
                "type": 8,
                "id": 202003003,
                "quantity": 2,
                "place": 0
              }
            ],
            "coin": 6,
            "mana": 3
          }
        ],
        "enemy_idx": 0
      },
      {
        "param_id": 100130301,
        "is_pop": 1,
        "is_rare": 0,
        "piece": 0,
        "enemy_drop_list": [
          {
            "drop_list": [],
            "coin": 6,
            "mana": 5
          }
        ],
        "enemy_idx": 1
      },
      {
        "param_id": 100130301,
        "is_pop": 1,
        "is_rare": 0,
        "piece": 0,
        "enemy_drop_list": [
          {
            "drop_list": [],
            "coin": 6,
            "mana": 5
          }
        ],
        "enemy_idx": 2
      },
      {
        "param_id": 100130301,
        "is_pop": 1,
        "is_rare": 0,
        "piece": 0,
        "enemy_drop_list": [
          {
            "drop_list": [],
            "coin": 6,
            "mana": 3
          }
        ],
        "enemy_idx": 3
      },
      {
        "param_id": 100130303,
        "is_pop": 1,
        "is_rare": 0,
        "piece": 0,
        "enemy_drop_list": [
          {
            "drop_list": [],
            "coin": 6,
            "mana": 3
          }
        ],
        "enemy_idx": 4
      },
      {
        "param_id": 100130303,
        "is_pop": 1,
        "is_rare": 0,
        "piece": 0,
        "enemy_drop_list": [
          {
            "drop_list": [],
            "coin": 6,
            "mana": 3
          }
        ],
        "enemy_idx": 5
      },
      {
        "param_id": 100130304,
        "is_pop": 1,
        "is_rare": 0,
        "piece": 0,
        "enemy_drop_list": [
          {
            "drop_list": [],
            "coin": 6,
            "mana": 3
          }
        ],
        "enemy_idx": 6
      },
      {
        "param_id": 100130304,
        "is_pop": 1,
        "is_rare": 0,
        "piece": 0,
        "enemy_drop_list": [
          {
            "drop_list": [],
            "coin": 7,
            "mana": 4
          }
        ],
        "enemy_idx": 7
      },
      {
        "param_id": 100130306,
        "is_pop": 1,
        "is_rare": 0,
        "piece": 0,
        "enemy_drop_list": [
          {
            "drop_list": [],
            "coin": 7,
            "mana": 3
          }
        ],
        "enemy_idx": 8
      },
      {
        "param_id": 100130302,
        "is_pop": 1,
        "is_rare": 0,
        "piece": 0,
        "enemy_drop_list": [
          {
            "drop_list": [],
            "coin": 6,
            "mana": 3
          }
        ],
        "enemy_idx": 9
      },
      {
        "param_id": 100130302,
        "is_pop": 1,
        "is_rare": 0,
        "piece": 0,
        "enemy_drop_list": [
          {
            "drop_list": [],
            "coin": 7,
            "mana": 3
          }
        ],
        "enemy_idx": 10
      },
      {
        "param_id": 100130302,
        "is_pop": 1,
        "is_rare": 0,
        "piece": 0,
        "enemy_drop_list": [
          {
            "drop_list": [],
            "coin": 6,
            "mana": 3
          }
        ],
        "enemy_idx": 11
      },
      {
        "param_id": 100130302,
        "is_pop": 1,
        "is_rare": 0,
        "piece": 0,
        "enemy_drop_list": [
          {
            "drop_list": [],
            "coin": 7,
            "mana": 5
          }
        ],
        "enemy_idx": 12
      },
      {
        "param_id": 100130305,
        "is_pop": 1,
        "is_rare": 0,
        "piece": 0,
        "enemy_drop_list": [
          {
            "drop_list": [],
            "coin": 6,
            "mana": 5
          }
        ],
        "enemy_idx": 13
      },
      {
        "param_id": 100130305,
        "is_pop": 1,
        "is_rare": 0,
        "piece": 0,
        "enemy_drop_list": [
          {
            "drop_list": [],
            "coin": 6,
            "mana": 4
          }
        ],
        "enemy_idx": 14
      },
      {
        "param_id": 100130305,
        "is_pop": 1,
        "is_rare": 0,
        "piece": 0,
        "enemy_drop_list": [
          {
            "drop_list": [],
            "coin": 7,
            "mana": 3
          }
        ],
        "enemy_idx": 15
      },
      {
        "param_id": 100130305,
        "is_pop": 1,
        "is_rare": 0,
        "piece": 0,
        "enemy_drop_list": [
          {
            "drop_list": [],
            "coin": 6,
            "mana": 4
          }
        ],
        "enemy_idx": 16
      },
      {
        "param_id": 100130304,
        "is_pop": 1,
        "is_rare": 0,
        "piece": 0,
        "enemy_drop_list": [
          {
            "drop_list": [],
            "coin": 6,
            "mana": 4
          }
        ],
        "enemy_idx": 17
      },
      {
        "param_id": 100130304,
        "is_pop": 1,
        "is_rare": 0,
        "piece": 0,
        "enemy_drop_list": [
          {
            "drop_list": [],
            "coin": 6,
            "mana": 5
          }
        ],
        "enemy_idx": 18
      }
    ],
    "grade": []
  },
  "ChestDropInfo": [],
  "EnemyDropInfo": [
    {
      "type": 8,
      "id": 101001002,
      "min": 1,
      "max": 1,
      "promise": false,
      "special": false
    },
    {
      "type": 4,
      "id": 0,
      "min": 340,
      "max": 346,
      "promise": false,
      "special": false
    },
    {
      "type": 8,
      "id": 104001021,
      "min": 4,
      "max": 4,
      "promise": false,
      "special": false
    },
    {
      "type": 8,
      "id": 104001023,
      "min": 1,
      "max": 1,
      "promise": false,
      "special": false
    },
    {
      "type": 8,
      "id": 103001001,
      "min": 1,
      "max": 1,
      "promise": false,
      "special": false
    },
    {
      "type": 8,
      "id": 202003002,
      "min": 2,
      "max": 2,
      "promise": false,
      "special": false
    },
    {
      "type": 8,
      "id": 202003003,
      "min": 2,
      "max": 2,
      "promise": false,
      "special": false
    },
    {
      "type": 18,
      "id": 0,
      "min": 3,
      "max": 3,
      "promise": true,
      "special": false
    }
  ]
}